CODCLAVECICBENEFICIARIO|CODCLAVECICSOLICITANTE|PERIODO|FECDIA|CODSUCAGE|CODSESION|CODINTERNOTRANSACCION|CODTRANSACCIONVENTANILLA|MTOTRANSACCION|FLG_MTO_P25|FLG_MTO_P50|FLG_MTO_P75|FLG_MTO_P90|FLG_AN|TIPPER|FLG_NUEVA_BEN|dif2|FLG_NUEVA_SOL|FLG_NUEVA|FLG_BANCA|PERSONA_SOL|EMPRESA_SOL|PERSONA_BEN|EMPRESA_BEN|FLG_ROS|FLG_MTO|FLG_NOREL|MTOTRANSACCION_ES|TIPPER_BEN|TIPPER_SOL|MTO_P95|MTOTRANSACCION_ES95|FLG_ROS_BEN|FLG_ROS_SOL|N_Cluster
8637421.0|5224738.0|202312|07/12/23|380000|612|801219665101|62|405172.9|0|0|1|0|0|0|0|2708.0|0|0|0|0|0|0|0|0|0|1|405172.9|1|1|405172.9|405172.9|0|0|14
8637421.0|5224738.0|202312|19/12/23|380000|136|801223888832|62|554134.0|0|0|1|0|0|0|0|2868.0|0|0|0|0|0|0|0|0|1|1|554134.0|1|1|554134.0|554134.0|0|0|14
8637421.0|5224738.0|202312|20/12/23|380000|23|801224446733|62|263086.0|1|0|0|0|0|0|0|2869.0|0|0|0|0|0|0|0|0|0|1|263086.0|1|1|263086.0|263086.0|0|0|5
8637421.0|5224738.0|202312|21/12/23|380000|298|801225254245|62|411310.6|0|0|1|0|0|0|0|2870.0|0|0|0|0|0|0|0|0|0|1|411310.6|1|1|411310.6|411310.6|0|0|14
8637421.0|5224738.0|202312|05/12/23|380000|298|801218228670|62|716148.1|0|0|0|1|0|0|0|2647.0|0|0|0|0|0|0|0|0|1|1|716148.1|1|1|699065.4099999998|699065.4099999998|0|0|8
8637421.0|5224738.0|202312|11/12/23|380000|834|801220463743|62|507924.9|0|0|1|0|0|0|0|2831.0|0|0|0|0|0|0|0|0|1|1|507924.9|1|1|507924.9|507924.9|0|0|14
8637421.0|5224738.0|202312|28/12/23|380000|244|801227863446|62|316786.1|0|1|0|0|0|0|0|2877.0|0|0|0|0|0|0|0|0|0|1|316786.1|1|1|316786.1|316786.1|0|0|10
8637421.0|8649686.0|202312|16/12/23|380000|127|801222871229|62|674460.6|0|0|0|1|0|0|0|2865.0|0|0|1|1|0|0|0|0|1|1|674460.6|1|0|674460.6|674460.6|0|0|8
11968802.0|11968802.0|202312|01/12/23|318000|246|801216993269|60|302000.0|0|1|0|0|0|1|0||0|0|1|1|0|1|0|0|0|1|302000.0|0|0|302000.0|302000.0|0|0|2
76271.0|1823826.0|202312|19/12/23|220000|449|801224046419|117|217478.0|0|0|0|0|0|0|0|10539.0|0|0|1|1|0|0|1|0|0|1|217478.0|1|0|217478.0|217478.0|0|0|0
7699232.0|3879833.0|202312|11/12/23|365002|68|801219987074|62|239000.0|1|0|0|0|0|0|0|5396.0|0|0|1|1|0|1|0|0|0|0|239000.0|1|0|239000.0|239000.0|0|0|4
72232.0|22036053.0|202312|13/12/23|191028|324|902656493123|115|500000.0|0|0|1|0|0|0|0|-3302.0|0|0|1|1|0|0|0|0|0|1|500000.0|1|1|500000.0|500000.0|0|0|14
8851327.0|10524240.0|202312|01/12/23|335000|710|801217015724|62|734347.8|0|0|0|1|0|0|0|1967.0|0|0|1|1|0|0|0|0|1|1|734347.8|1|0|699065.4099999998|699065.4099999998|0|0|8
72232.0|1227678.0|202312|27/12/23|285011|181|902661610122|115|387187.84|0|1|0|0|0|0|0|-3288.0|0|0|1|1|0|0|0|0|0|1|387187.84|1|0|387187.84|387187.84|0|0|10
9562980.0|4450504.0|202312|18/12/23|215002|490|902658100452|62|200000.0|0|0|0|0|0|0|0|4465.0|0|0|1|1|0|1|0|0|0|0|200000.0|1|0|200000.0|200000.0|0|0|4
25890920.0|2409955.0|202312|14/12/23|395000|254|902656834252|62|525000.97|0|0|1|0|0|0|0|1199.0|0|0|1|1|0|1|0|0|1|1|525000.97|1|0|525000.97|525000.97|0|0|18
2233972.0|6485915.0|202312|11/12/23|405005|163|902655226804|117|214089.22|0|0|0|0|0|0|0|10659.0|0|0|1|1|0|0|0|0|0|1|214089.22|1|0|214089.22|214089.22|0|0|5
28860409.0|6146645.0|202312|21/12/23|215013|241|801225341958|116|780000.0|0|0|0|1|0|0|0|2870.0|0|0|1|1|0|1|0|0|1|1|780000.0|1|0|699065.4099999998|699065.4099999998|0|0|15
8672384.0|162734.0|202312|22/12/23|191098|113|902660127472|62|221520.0|0|0|0|0|0|0|0|5133.0|0|0|1|1|0|0|1|0|0|1|221520.0|1|0|221520.0|221520.0|0|0|0
3416100.0|3242566.0|202312|07/12/23|570011|611|902654987500|62|200000.0|0|0|0|0|0|0|0|9927.0|0|0|1|1|0|1|0|0|0|0|200000.0|1|0|200000.0|200000.0|0|0|4
22549645.0|4156720.0|202312|29/12/23|193011|433|801228702091|62|520000.0|0|0|1|0|0|0|0|2170.0|0|0|1|1|0|1|0|0|1|0|520000.0|1|0|520000.0|520000.0|0|0|1
13707676.0|13816998.0|202312|23/12/23|220000|249|801226330123|60|200000.0|0|0|0|0|0|1|0||0|0|1|1|0|1|0|0|0|1|200000.0|0|0|200000.0|200000.0|0|0|9
7451301.0|7451301.0|202312|05/12/23|435000|352|801218595104|60|300000.0|0|1|0|0|0|1|0||0|0|1|1|0|1|0|0|0|1|300000.0|0|0|300000.0|300000.0|0|0|2
19528745.0|19528745.0|202312|30/12/23|570000|845|902663183493|60|290000.0|0|1|0|0|0|1|0||0|0|1|1|0|1|0|0|0|1|290000.0|0|0|290000.0|290000.0|0|0|2
582461.0|582461.0|202312|07/12/23|355006|155|801219471779|60|264000.0|1|0|0|0|0|1|0||0|0|1|1|0|1|0|0|0|1|264000.0|0|0|264000.0|264000.0|0|0|9
2595019.0|6872801.0|202312|16/12/23|485000|137|801222944481|60|250881.5|1|0|0|0|0|1|0||0|0|1|1|0|1|0|0|0|1|250881.5|0|0|250881.5|250881.5|1|0|7
5097808.0|1619226.0|202312|19/12/23|475000|302|801223947904|117|1074090.0|0|0|0|1|0|0|0|6732.0|0|0|1|1|0|0|0|0|1|1|1074090.0|1|0|699065.4099999998|699065.4099999998|1|0|8
24558617.0|10409046.0|202312|16/12/23|193054|185|902657850356|62|205000.0|0|0|0|0|0|0|0|2789.0|0|0|1|1|0|1|0|0|0|0|205000.0|1|0|205000.0|205000.0|1|0|4
11230255.0|11230255.0|202312|14/12/23|191020|244|801221908240|128|412013.0|0|0|1|0|0|1|0||0|0|1|1|0|1|0|1|0|1|412013.0|0|0|412013.0|412013.0|1|1|18
11230255.0|11230255.0|202312|14/12/23|191020|244|801221909337|128|460027.0|0|0|1|0|0|1|0||0|0|1|1|0|1|0|1|0|1|460027.0|0|0|460027.0|460027.0|1|1|18
3831900.0|2703689.0|202312|05/12/23|194007|201|902653703673|62|490722.0|0|0|1|0|0|0|0|7269.0|0|0|1|1|0|0|1|0|0|1|490722.0|1|0|490722.0|490722.0|0|1|13
1078657.0|16619112.0|202312|07/12/23|220000|366|801219483386|60|700010.0|0|0|0|1|0|0|0|-13578.0|0|0|1|1|0|1|0|0|1|1|700010.0|1|0|699065.4099999998|699065.4099999998|1|0|15
2183984.0|7103056.0|202312|21/12/23|194016|431|801225533858|60|370250.0|0|1|0|0|0|1|0||0|0|1|1|0|1|0|0|0|1|370250.0|0|0|370250.0|370250.0|1|0|2
4324047.0|1439435.0|202312|26/12/23|215010|242|801226782996|62|214950.0|0|0|0|0|0|0|0|7207.0|0|0|1|1|0|1|0|0|0|1|214950.0|1|0|214950.0|214950.0|1|0|7
3701285.0|3701285.0|202312|12/12/23|215002|501|902655819140|60|290000.0|0|1|0|0|0|1|0||0|0|1|1|0|1|0|0|0|1|290000.0|0|0|290000.0|290000.0|0|0|2
16338476.0|28428111.0|202312|30/12/23|365002|194|801229210925|60|447000.0|0|0|1|0|0|1|0||0|0|1|1|0|1|0|0|0|1|447000.0|0|0|447000.0|447000.0|0|0|18
928059.0|11731854.0|202312|29/12/23|405000|799|801228858138|115|234406.34|1|0|0|0|0|0|0|9308.0|0|0|1|1|0|0|1|0|0|1|234406.34|1|0|234406.34|234406.34|0|0|0
12232637.0|12232637.0|202312|14/12/23|560000|202|902656795500|107|259978.19|1|0|0|0|0|1|0||0|0|1|1|0|1|0|0|0|1|259978.19|0|0|259978.19|259978.19|0|0|9
323213.0|13775266.0|202312|28/12/23|405003|5|801227703780|117|241099.8|1|0|0|0|0|0|0|-17518.0|0|0|1|1|0|0|1|0|0|1|241099.8|1|0|241099.8|241099.8|0|0|0
323213.0|13775266.0|202312|30/12/23|405003|138|801228987782|117|327845.9|0|1|0|0|0|0|0|-17516.0|0|0|1|1|0|0|1|0|0|1|327845.9|1|0|327845.9|327845.9|0|0|3
378418.0|2305424.0|202312|27/12/23|194016|78|801227200908|62|201740.0|0|0|0|0|0|0|0|10592.0|0|0|1|1|0|1|0|0|0|0|201740.0|1|0|201740.0|201740.0|0|0|4
25319164.0|197826.0|202312|07/12/23|194013|387|902654987250|62|490000.0|0|0|1|0|0|0|0|1294.0|0|0|1|1|0|1|0|0|0|0|490000.0|1|0|490000.0|490000.0|0|1|1
21835.0|21835.0|202312|29/12/23|550000|162|902662539315|62|200000.0|0|0|0|0|0|1|0||0|0|1|1|0|1|0|0|0|1|200000.0|0|0|200000.0|200000.0|0|0|9
25348583.0|9374420.0|202312|19/12/23|430000|346|902658929899|107|214395.01|0|0|0|0|0|0|0|838.0|0|0|1|1|0|1|0|0|0|0|214395.01|1|0|214395.01|214395.01|0|0|4
6486795.0|6486795.0|202312|22/12/23|193011|434|801225972017|60|200000.0|0|0|0|0|0|1|0||0|0|1|1|0|1|0|0|0|1|200000.0|0|0|200000.0|200000.0|0|0|9
6231775.0|1227549.0|202312|12/12/23|550000|187|902655797177|62|218000.0|0|0|0|0|0|0|0|7287.0|0|0|1|1|0|1|0|0|0|1|218000.0|1|0|218000.0|218000.0|0|0|9
12844012.0|12844012.0|202312|22/12/23|380000|138|801225667850|62|210280.0|0|0|0|0|0|0|0|3559.0|0|0|0|0|0|0|0|0|0|1|210280.0|1|1|210280.0|210280.0|0|0|5
12844012.0|12844012.0|202312|07/12/23|380000|599|801219657870|62|207170.0|0|0|0|0|0|0|0|3396.0|0|0|0|0|0|0|0|0|0|1|207170.0|1|1|207170.0|207170.0|0|0|5
4860036.0|3499229.0|202312|01/12/23|193012|150|902652305608|84|377032.85|0|1|0|0|0|1|0||0|0|1|1|0|1|0|0|0|1|377032.85|0|0|377032.85|377032.85|0|0|2
8672384.0|21226791.0|202312|22/12/23|193055|85|902660169104|62|276995.0|1|0|0|0|0|0|0|5133.0|0|0|1|1|0|0|1|0|0|1|276995.0|1|0|276995.0|276995.0|0|0|0
8672384.0|21226791.0|202312|23/12/23|193055|27|902660582369|62|275945.0|1|0|0|0|0|0|0|5134.0|0|0|1|1|0|0|1|0|0|1|275945.0|1|0|275945.0|275945.0|0|0|0
70555.0|70555.0|202312|26/12/23|380000|189|801226662602|62|461960.0|0|0|1|0|0|0|0|12018.0|0|0|0|0|1|0|1|0|0|1|461960.0|1|1|461960.0|461960.0|0|0|13
28088704.0|149426.0|202312|30/12/23|200000|109|902662989954|115|357000.0|0|1|0|0|0|0|0|2879.0|0|0|1|1|0|0|0|0|0|1|357000.0|1|0|357000.0|357000.0|0|0|10
6248389.0|6248389.0|202312|13/12/23|350000|129|801221247629|107|202610.1|0|0|0|0|0|1|0||0|0|1|1|0|1|0|0|0|1|202610.1|0|0|202610.1|202610.1|0|0|9
13742.0|5261653.0|202312|14/12/23|191095|96|801221738986|117|312000.0|0|1|0|0|0|0|0|12900.0|0|0|1|1|0|0|1|0|0|1|312000.0|1|0|312000.0|312000.0|0|0|3
59820.0|17712231.0|202312|28/12/23|205000|167|902661996237|117|369586.0|0|1|0|0|0|0|0|11228.0|0|0|1|1|0|0|1|0|0|1|369586.0|1|0|369586.0|369586.0|0|0|3
12106528.0|19536336.0|202312|18/12/23|365000|538|801223557200|60|500000.0|0|0|1|0|0|1|0||0|0|1|1|0|1|0|0|0|1|500000.0|0|0|500000.0|500000.0|0|0|18
23724594.0|11340305.0|202312|23/12/23|401000|182|902660761818|62|250000.0|1|0|0|0|0|0|0|1686.0|0|0|1|1|0|1|0|0|0|0|250000.0|1|0|250000.0|250000.0|0|0|4
15972216.0|8140037.0|202312|21/12/23|435001|141|902659725622|60|260000.0|1|0|0|0|0|0|0|2898.0|0|0|1|1|0|1|0|0|0|0|260000.0|1|0|260000.0|260000.0|0|0|4
11346828.0|2881506.0|202312|02/12/23|194000|170|801217226372|62|207614.67|0|0|0|0|0|0|0|3602.0|0|0|1|1|0|1|0|0|0|1|207614.67|1|0|207614.67|207614.67|0|0|9
27235189.0|460623.0|202312|30/12/23|215002|150|902662963878|62|240175.0|1|0|0|0|0|0|0|2879.0|0|0|1|1|0|1|0|0|0|0|240175.0|1|0|240175.0|240175.0|0|0|4
16434795.0|721289.0|202312|11/12/23|215011|297|902655312365|62|277055.7|1|0|0|0|0|0|0|3504.0|0|0|1|1|0|1|0|0|0|0|277055.7|1|0|277055.7|277055.7|0|0|4
21294271.0|1005185.0|202312|06/12/23|305006|446|902654488844|62|445302.5|0|0|1|0|0|0|0|2621.0|0|0|1|1|0|1|0|0|0|1|445302.5|1|0|445302.5|445302.5|0|0|18
2096628.0|28990521.0|202312|26/12/23|305000|293|801226662107|62|238830.0|1|0|0|0|0|0|0|11315.0|0|0|1|1|0|0|1|0|0|1|238830.0|1|0|238830.0|238830.0|0|0|0
2096628.0|23419760.0|202312|27/12/23|570000|424|902661461960|62|241530.0|1|0|0|0|0|0|0|11316.0|0|0|1|1|0|0|1|0|0|1|241530.0|1|0|241530.0|241530.0|0|0|0
27203805.0|11969479.0|202312|27/12/23|191002|161|902661532696|62|600000.0|0|0|0|1|0|0|0|642.0|0|0|1|1|0|1|0|0|1|1|600000.0|1|0|600000.0|600000.0|0|0|15
4613804.0|3556867.0|202312|02/12/23|215002|120|902652729724|62|600000.0|0|0|0|1|0|0|0|6835.0|0|0|1|1|0|0|1|0|1|1|600000.0|1|0|600000.0|600000.0|0|0|11
6182113.0|13764391.0|202312|13/12/23|200000|389|902656417774|60|206050.0|0|0|0|0|0|1|0||0|0|1|1|0|1|0|0|0|1|206050.0|0|0|206050.0|206050.0|0|0|9
5380979.0|5380979.0|202312|06/12/23|305000|544|801218952082|101|303225.28|0|1|0|0|0|1|0||0|0|1|1|0|1|0|0|0|1|303225.28|0|0|303225.28|303225.28|0|0|2
8406930.0|8406930.0|202312|16/12/23|191074|64|902657654757|62|500000.0|0|0|1|0|0|0|0|5420.0|0|0|1|1|0|1|0|0|0|1|500000.0|1|1|500000.0|500000.0|0|0|18
46111.0|191269.0|202312|11/12/23|285000|456|902655275984|115|411440.5|0|0|1|0|0|0|0|-13437.0|0|0|1|1|0|0|0|0|0|1|411440.5|1|0|411440.5|411440.5|0|0|14
23140222.0|23140222.0|202312|18/12/23|194025|468|801223686877|107|216739.93|0|0|0|0|0|1|0||0|0|1|1|0|1|0|0|0|1|216739.93|0|0|216739.93|216739.93|0|0|9
69556.0|4586833.0|202312|27/12/23|395000|63|902661421355|62|370000.0|0|1|0|0|0|0|0|14238.0|0|0|1|1|0|0|1|0|0|0|370000.0|1|0|370000.0|370000.0|0|0|17
21482735.0|193554.0|202312|22/12/23|435000|179|801225842474|62|244000.0|1|0|0|0|0|0|0|2193.0|0|0|1|1|0|1|0|0|0|1|244000.0|1|0|244000.0|244000.0|0|0|9
8851327.0|4306183.0|202312|05/12/23|570000|391|902653617622|62|755823.9|0|0|0|1|0|0|0|2087.0|0|0|1|1|0|0|0|0|1|1|755823.9|1|0|699065.4099999998|699065.4099999998|0|0|8
27572470.0|14154099.0|202312|18/12/23|480000|336|902658203865|62|250850.0|1|0|0|0|0|0|0|2867.0|0|0|1|1|0|1|0|0|0|1|250850.0|1|0|250850.0|250850.0|0|0|9
5097808.0|8217618.0|202312|30/12/23|395000|189|902663113728|117|311721.0|0|1|0|0|0|0|0|6743.0|0|0|1|1|0|0|0|0|0|1|311721.0|1|0|311721.0|311721.0|1|0|7
16263143.0|27211837.0|202312|28/12/23|550000|228|902662092925|62|300000.0|0|1|0|0|0|0|0|2856.0|0|0|1|1|0|1|0|0|0|1|300000.0|1|0|300000.0|300000.0|1|0|2
8672384.0|4579391.0|202312|20/12/23|194011|195|902659267645|62|294970.0|0|1|0|0|0|0|0|5131.0|0|0|1|1|0|0|1|0|0|1|294970.0|1|0|294970.0|294970.0|0|1|3
3747455.0|6209959.0|202312|11/12/23|405000|190|801219966572|62|237970.59|1|0|0|0|0|0|0|7808.0|0|0|1|1|0|1|0|0|0|1|237970.59|1|0|237970.59|237970.59|0|0|9
8637421.0|7340839.0|202312|02/12/23|380000|311|801217347510|62|498159.2|0|0|1|0|0|0|0|2558.0|0|0|1|1|0|0|0|0|0|1|498159.2|1|0|498159.2|498159.2|0|0|14
3176372.0|11230255.0|202312|11/12/23|191020|134|801220008244|113|255635.0|1|0|0|0|0|0|0|10997.0|0|0|1|1|0|0|1|0|0|1|255635.0|1|0|255635.0|255635.0|0|1|0
6135938.0|19960690.0|202312|29/12/23|285000|395|902662569284|117|305000.0|0|1|0|0|0|0|0|6224.0|0|0|1|1|0|1|0|0|0|1|305000.0|1|0|305000.0|305000.0|1|0|2
1827918.0|1827918.0|202312|18/12/23|395000|487|902658303609|60|300000.0|0|1|0|0|0|1|0||0|0|1|1|0|1|0|1|0|1|300000.0|0|0|300000.0|300000.0|1|1|2
9527788.0|9527788.0|202312|07/12/23|480000|230|902654658975|62|574650.0|0|0|1|0|0|0|0|4569.0|0|0|0|0|1|0|1|1|1|1|574650.0|1|1|574650.0|574650.0|1|1|13
9527788.0|9527788.0|202312|04/12/23|480000|148|902653062367|62|207750.0|0|0|0|0|0|0|0|4478.0|0|0|0|0|1|0|1|1|0|1|207750.0|1|1|207750.0|207750.0|1|1|0
9527788.0|9527788.0|202312|26/12/23|480000|186|902660940977|62|224670.0|0|0|0|0|0|0|0|4736.0|0|0|0|0|1|0|1|1|0|1|224670.0|1|1|224670.0|224670.0|1|1|0
10083609.0|12295534.0|202312|27/12/23|220000|304|801227352610|62|208855.3|0|0|0|0|0|0|0|4347.0|0|0|1|1|0|1|0|0|0|1|208855.3|1|0|208855.3|208855.3|1|0|7
16217.0|3012808.0|202312|26/12/23|435002|334|801227064488|115|376154.87|0|1|0|0|0|0|0|9142.0|0|0|1|1|0|0|0|0|0|1|376154.87|1|0|376154.87|376154.87|0|0|10
65798.0|154833.0|202312|28/12/23|355004|370|902662302427|115|260000.0|1|0|0|0|0|0|0|10586.0|0|0|1|1|0|0|0|0|0|1|260000.0|1|0|260000.0|260000.0|0|0|5
10806936.0|5080683.0|202312|26/12/23|445000|64|902660907286|62|444000.0|0|0|1|0|0|0|0|4248.0|0|0|1|1|0|1|0|0|0|1|444000.0|1|0|444000.0|444000.0|0|0|18
3454983.0|3010416.0|202312|14/12/23|193011|371|801221939506|62|200000.0|0|0|0|0|0|0|0|7959.0|0|0|1|1|0|1|0|0|0|0|200000.0|1|0|200000.0|200000.0|0|0|4
21298288.0|21298288.0|202312|20/12/23|193010|184|801224574622|60|222180.0|0|0|0|0|0|1|0||0|0|1|1|0|1|0|0|0|1|222180.0|0|0|222180.0|222180.0|0|0|9
12879435.0|16548947.0|202312|28/12/23|365002|155|801227894194|62|234702.0|1|0|0|0|0|0|0|4003.0|0|0|1|1|0|1|0|0|0|1|234702.0|1|0|234702.0|234702.0|0|0|9
71541.0|4016147.0|202312|29/12/23|191069|339|801228640669|117|508961.8|0|0|1|0|0|0|0|-5830.0|0|0|1|1|0|0|1|0|1|1|508961.8|1|1|508961.8|508961.8|0|0|13
|24161413.0|202312|04/12/23|585000|395|801217988852|87|300118.5|0|1|0|0|0|0|0||0|0|1|1|0|0|0|0|0|1|300118.5|1|0|300118.5|300118.5|0|0|10
21835.0|21835.0|202312|29/12/23|550000|162|902662539453|62|200000.0|0|0|0|0|0|1|0||0|0|1|1|0|1|0|0|0|1|200000.0|0|0|200000.0|200000.0|0|0|9
2379096.0|2379096.0|202312|06/12/23|215006|355|902654352794|60|269000.0|1|0|0|0|0|1|0||0|0|1|1|0|1|0|0|0|1|269000.0|0|0|269000.0|269000.0|0|0|9
25515995.0|86628.0|202312|28/12/23|194030|139|902662041864|62|300000.0|0|1|0|0|0|0|0|857.0|0|0|1|1|0|1|0|0|0|0|300000.0|1|0|300000.0|300000.0|0|0|12
341480.0|7648801.0|202312|15/12/23|533000|86|801222357369|62|276965.7|1|0|0|0|0|0|0|-15754.0|0|0|1|1|0|0|1|0|0|1|276965.7|1|0|276965.7|276965.7|0|0|0
12030913.0|12095606.0|202312|05/12/23|355000|509|902653750640|60|229910.6|1|0|0|0|0|1|0||0|0|1|1|0|1|0|0|0|1|229910.6|0|0|229910.6|229910.6|0|0|9
12844012.0|12844012.0|202312|27/12/23|380000|332|801227308692|62|235020.0|1|0|0|0|0|0|0|3564.0|0|0|0|0|0|0|0|0|0|1|235020.0|1|1|235020.0|235020.0|0|0|5
26281020.0|7852176.0|202312|15/12/23|194030|59|902657179168|62|251700.0|1|0|0|0|0|0|0|737.0|0|0|1|1|0|1|0|0|0|0|251700.0|1|0|251700.0|251700.0|0|0|4
3421047.0|11923862.0|202312|13/12/23|355004|186|902656288184|115|250000.0|1|0|0|0|0|0|0|7916.0|0|0|1|1|0|0|1|0|0|1|250000.0|1|0|250000.0|250000.0|0|0|0
18334843.0|7200745.0|202312|27/12/23|305000|606|801227388721|60|300000.0|0|1|0|0|0|1|0||0|0|1|1|0|1|0|0|0|1|300000.0|0|0|300000.0|300000.0|0|0|2
8865092.0|8865092.0|202312|21/12/23|385001|8|902659520325|60|200000.0|0|0|0|0|0|1|0||0|0|1|1|0|1|0|0|0|1|200000.0|0|0|200000.0|200000.0|0|0|9
70555.0|16300.0|202312|11/12/23|380000|723|801220400952|62|314770.0|0|1|0|0|0|0|0|11974.0|0|0|1|1|0|0|1|0|0|1|314770.0|1|1|314770.0|314770.0|0|1|3
70555.0|70555.0|202312|13/12/23|380000|455|801221403952|62|495330.0|0|0|1|0|0|0|0|12005.0|0|0|0|0|1|0|1|0|0|1|495330.0|1|1|495330.0|495330.0|0|0|13
1048367.0|1048367.0|202312|14/12/23|375000|609|902657029881|60|245000.0|1|0|0|0|0|1|0||0|0|1|1|0|1|0|0|0|1|245000.0|0|0|245000.0|245000.0|0|0|9
25985911.0|127936.0|202312|23/12/23|250000|72|801226252531|62|240806.52|1|0|0|0|0|0|0|919.0|0|0|1|1|0|1|0|0|0|1|240806.52|1|0|240806.52|240806.52|0|0|9
2469403.0|2469403.0|202312|28/12/23|480000|603|902662329336|60|200000.0|0|0|0|0|0|1|0||0|0|1|1|0|1|0|0|0|1|200000.0|0|0|200000.0|200000.0|0|0|9
28836606.0|17639735.0|202312|28/12/23|475000|336|801227908007|62|490730.0|0|0|1|0|0|0|0|3139.0|0|0|1|1|0|1|0|0|0|0|490730.0|1|0|490730.0|490730.0|0|0|1
15915913.0|15040949.0|202312|12/12/23|535000|234|801220716749|62|344010.0|0|1|0|0|0|0|0|2689.0|0|0|1|1|0|1|0|0|0|0|344010.0|1|0|344010.0|344010.0|0|0|12
15915913.0|15040949.0|202312|18/12/23|535000|360|801223485085|62|398200.0|0|1|0|0|0|0|0|2695.0|0|0|1|1|0|1|0|0|0|0|398200.0|1|0|398200.0|398200.0|0|0|12
8755904.0|21506959.0|202312|21/12/23|215004|607|902659895547|62|250000.0|1|0|0|0|0|0|0|5060.0|0|0|1|1|0|1|0|0|0|1|250000.0|1|0|250000.0|250000.0|0|0|9
27761097.0|27761097.0|202312|29/12/23|194044|257|902662840016|62|251269.9|1|0|0|0|0|0|0|861.0|0|0|1|1|0|1|0|0|0|1|251269.9|1|1|251269.9|251269.9|0|0|9
105788.0|105788.0|202312|04/12/23|193017|352|801217856241|87|305004.3|0|1|0|0|0|1|0||0|0|1|1|0|1|0|0|0|1|305004.3|0|0|305004.3|305004.3|0|0|2
49202.0|5243869.0|202312|06/12/23|570000|559|902654214902|115|310060.0|0|1|0|0|0|0|0|-17300.0|0|0|1|1|0|0|0|0|0|1|310060.0|1|0|310060.0|310060.0|0|0|10
138446.0|6052274.0|202312|05/12/23|390000|411|801218471670|62|200000.0|0|0|0|0|0|0|0|10619.0|0|0|1|1|0|1|0|0|0|0|200000.0|1|0|200000.0|200000.0|0|0|4
22464711.0|27575990.0|202312|22/12/23|550000|433|902660410768|62|297113.53|0|1|0|0|0|0|0|2933.0|0|0|1|1|0|1|0|0|0|1|297113.53|1|0|297113.53|297113.53|0|0|2
9729994.0|3367693.0|202312|14/12/23|285006|465|801222152998|107|217848.27|0|0|0|0|0|0|0|4688.0|0|0|1|1|0|1|0|0|0|0|217848.27|1|0|217848.27|217848.27|0|0|4
8406930.0|2722491.0|202312|15/12/23|191074|80|902657156519|62|638000.0|0|0|0|1|0|0|0|5419.0|0|0|1|1|0|1|0|0|1|0|638000.0|1|0|638000.0|638000.0|0|0|15
4552552.0|4552552.0|202312|22/12/23|191058|372|801226053565|60|300000.0|0|1|0|0|0|1|0||0|0|1|1|0|1|0|0|0|1|300000.0|0|0|300000.0|300000.0|0|0|2
69556.0|10585000.0|202312|20/12/23|395000|86|902659072441|62|303770.0|0|1|0|0|0|0|0|14231.0|0|0|1|1|0|0|1|0|0|1|303770.0|1|0|303770.0|303770.0|0|0|3
12512270.0|11321172.0|202312|27/12/23|194066|122|801227281844|62|245000.0|1|0|0|0|0|0|0|4881.0|0|0|1|1|0|1|0|0|0|0|245000.0|1|0|245000.0|245000.0|0|0|4
8432109.0|4628362.0|202312|12/12/23|191069|482|801221028942|107|293534.25|0|1|0|0|0|0|0|2951.0|0|0|1|1|0|1|0|0|0|0|293534.25|1|0|293534.25|293534.25|0|0|12
27964663.0|62832.0|202312|28/12/23|375000|60|902661894100|62|218400.0|0|0|0|0|0|0|0|2877.0|0|0|1|1|0|1|0|0|0|1|218400.0|1|0|218400.0|218400.0|0|0|9
33884.0|58864.0|202312|13/12/23|305000|801|801221522970|62|208871.9|0|0|0|0|0|0|0|16168.0|0|0|0|0|1|0|1|0|0|0|208871.9|1|0|208871.9|208871.9|0|1|16
62627.0|91421.0|202312|21/12/23|365002|174|801225263961|116|247070.72|1|0|0|0|0|0|0|9486.0|0|0|1|1|0|0|0|0|0|1|247070.72|1|0|247070.72|247070.72|0|0|5
8851327.0|3065526.0|202312|16/12/23|335000|330|801223001981|62|788186.8|0|0|0|1|0|0|0|2305.0|0|0|1|1|0|0|0|0|1|1|788186.8|1|0|699065.4099999998|699065.4099999998|0|0|8
8851327.0|4306183.0|202312|11/12/23|570000|871|902655339185|62|494728.5|0|0|1|0|0|0|0|2271.0|0|0|1|1|0|0|0|0|0|1|494728.5|1|0|494728.5|494728.5|0|0|14
8851327.0|8548205.0|202312|21/12/23|335000|694|801225430038|62|748977.1|0|0|0|1|0|0|0|2310.0|0|0|1|1|0|0|0|0|1|1|748977.1|1|0|699065.4099999998|699065.4099999998|0|0|8
8851327.0|7782324.0|202312|15/12/23|570000|294|902657160314|62|481851.1|0|0|1|0|0|0|0|2304.0|0|0|1|1|0|0|0|0|0|1|481851.1|1|0|481851.1|481851.1|0|0|14
8637421.0|5224738.0|202312|12/12/23|380000|456|801220816250|62|486208.6|0|0|1|0|0|0|0|2861.0|0|0|0|0|0|0|0|0|0|1|486208.6|1|1|486208.6|486208.6|0|0|14
8637421.0|5224738.0|202312|19/12/23|380000|183|801223902109|62|226922.3|1|0|0|0|0|0|0|2868.0|0|0|0|0|0|0|0|0|0|1|226922.3|1|1|226922.3|226922.3|0|0|5
9303389.0|2673472.0|202312|18/12/23|480000|150|902658014422|62|215000.0|0|0|0|0|0|0|0|5052.0|0|0|1|1|0|1|0|0|0|0|215000.0|1|0|215000.0|215000.0|0|0|4
1321636.0|1321636.0|202312|12/12/23|215005|89|902655662304|60|200000.0|0|0|0|0|0|1|0||0|0|1|1|0|1|0|0|0|1|200000.0|0|0|200000.0|200000.0|0|0|9
55168.0|10810645.0|202312|14/12/23|191018|317|801222159277|117|250000.0|1|0|0|0|0|0|0|13544.0|0|0|1|1|0|0|0|0|0|1|250000.0|1|0|250000.0|250000.0|0|0|5
8030244.0|1096447.0|202312|07/12/23|440000|473|801219664168|62|230000.0|1|0|0|0|0|0|0|5051.0|0|0|1|1|0|1|0|0|0|0|230000.0|1|0|230000.0|230000.0|0|0|4
30543028.0|8612881.0|202312|26/12/23|390001|344|902661290933|62|409000.0|0|0|1|0|0|0|0|60.0|0|0|1|1|0|1|0|0|0|1|409000.0|1|0|409000.0|409000.0|0|0|18
69556.0|11048610.0|202312|14/12/23|395000|20|902656659541|62|367690.0|0|1|0|0|0|0|0|14225.0|0|0|1|1|0|0|1|0|0|1|367690.0|1|0|367690.0|367690.0|0|0|3
8851327.0|10524240.0|202312|19/12/23|335000|766|801224290178|62|626691.0|0|0|0|1|0|0|0|2308.0|0|0|1|1|0|0|0|0|1|1|626691.0|1|0|626691.0|626691.0|0|0|8
12844012.0|11980486.0|202312|14/12/23|305000|901|801222093342|62|214460.0|0|0|0|0|0|0|0|3551.0|0|0|1|1|0|0|0|0|0|1|214460.0|1|0|214460.0|214460.0|0|0|5
8637421.0|14616669.0|202312|16/12/23|380000|135|801222881435|62|470241.0|0|0|1|0|0|0|0|2865.0|0|0|1|1|0|0|0|0|0|1|470241.0|1|0|470241.0|470241.0|0|0|14
14525679.0|12443338.0|202312|28/12/23|191120|224|801227971912|62|699880.0|0|0|0|1|0|0|0|3696.0|0|0|1|1|0|1|0|0|1|1|699880.0|1|0|699065.4099999998|699065.4099999998|0|0|15
21393431.0|6345692.0|202312|12/12/23|191002|297|902655886536|128|286899.0|0|1|0|0|0|0|0|2275.0|0|0|1|1|0|1|0|0|0|1|286899.0|1|0|286899.0|286899.0|0|0|2
23388086.0|10023072.0|202312|22/12/23|191088|361|902660339483|62|236463.8|1|0|0|0|0|0|0|1689.0|0|0|1|1|0|0|1|0|0|0|236463.8|1|0|236463.8|236463.8|0|0|16
23388086.0|10023072.0|202312|20/12/23|191088|268|902659245127|62|246507.1|1|0|0|0|0|0|0|1687.0|0|0|1|1|0|0|1|0|0|0|246507.1|1|0|246507.1|246507.1|0|0|16
60648.0|8481595.0|202312|01/12/23|385000|134|801216638487|62|229000.0|1|0|0|0|0|0|0|10854.0|0|0|1|1|0|1|0|0|0|0|229000.0|1|0|229000.0|229000.0|0|0|4
13891114.0|13485247.0|202312|27/12/23|415000|344|801227621014|117|250000.0|1|0|0|0|0|0|0|3957.0|0|0|1|1|0|1|0|0|0|1|250000.0|1|0|250000.0|250000.0|0|0|9
7926860.0|9420291.0|202312|13/12/23|191064|472|902656541168|117|290000.0|0|1|0|0|0|0|0|5418.0|0|0|1|1|0|1|0|0|0|1|290000.0|1|1|290000.0|290000.0|0|0|2
14492634.0|18346355.0|202312|14/12/23|191105|187|801221812726|117|300000.0|0|1|0|0|0|0|0|4200.0|0|0|1|1|0|1|0|0|0|0|300000.0|1|0|300000.0|300000.0|0|0|12
14586833.0|3897461.0|202312|27/12/23|545000|328|801227572285|107|227846.42|1|0|0|0|0|0|0|3108.0|0|0|1|1|0|1|0|0|0|0|227846.42|1|0|227846.42|227846.42|0|0|4
17921598.0|17921598.0|202312|14/12/23|255000|181|801221878913|60|265000.0|1|0|0|0|0|1|0||0|0|1|1|0|1|0|0|0|1|265000.0|0|0|265000.0|265000.0|0|0|9
6984858.0|1147786.0|202312|07/12/23|193057|56|801219341696|60|260000.0|1|0|0|0|0|1|0||0|0|1|1|0|1|0|0|0|1|260000.0|0|0|260000.0|260000.0|0|0|9
5097808.0|8898726.0|202312|19/12/23|475000|240|801223911174|117|690760.0|0|0|0|1|0|0|0|6732.0|0|0|1|1|0|0|0|0|1|1|690760.0|1|0|690760.0|690760.0|1|0|8
13136666.0|7723995.0|202312|05/12/23|335000|710|801218608104|60|225600.0|0|0|0|0|0|1|0||0|0|1|1|0|1|0|0|0|1|225600.0|0|0|225600.0|225600.0|1|0|7
3897461.0|3897461.0|202312|27/12/23|545000|328|801227593666|107|240614.2|1|0|0|0|0|1|0||0|0|1|1|0|1|0|0|0|1|240614.2|0|0|240614.2|240614.2|0|0|9
1078657.0|5450862.0|202312|29/12/23|220000|141|801228346727|60|800000.0|0|0|0|1|0|0|0|-13408.0|0|0|1|1|0|1|0|1|1|1|800000.0|1|0|699065.4099999998|699065.4099999998|1|1|15
71541.0|6209959.0|202312|14/12/23|405000|176|801221738963|117|285000.0|0|1|0|0|0|0|0|-5845.0|0|0|1|1|0|0|1|0|0|1|285000.0|1|0|285000.0|285000.0|0|0|3
1078657.0|10965013.0|202312|29/12/23|220000|196|801228387328|60|330000.0|0|1|0|0|0|0|0|-13408.0|0|0|1|1|0|1|0|0|0|0|330000.0|1|0|330000.0|330000.0|1|0|12
9527788.0|9527788.0|202312|18/12/23|480000|116|902657981844|62|854750.0|0|0|0|1|0|0|0|4728.0|0|0|0|0|1|0|1|1|1|1|854750.0|1|1|699065.4099999998|699065.4099999998|1|1|11
87768.0|65789.0|202312|12/12/23|355004|311|902655974235|62|297170.0|0|1|0|0|0|0|0|8964.0|0|0|1|1|0|1|0|0|0|0|297170.0|1|0|297170.0|297170.0|1|0|12
2038976.0|2038976.0|202312|21/12/23|215005|32|902659533205|84|297228.85|0|1|0|0|0|1|0||0|0|1|1|0|1|0|0|0|1|297228.85|0|0|297228.85|297228.85|0|0|2
23750941.0|19480496.0|202312|20/12/23|305000|689|801224715422|62|350000.0|0|1|0|0|0|0|0|1468.0|0|0|1|1|0|1|0|0|0|0|350000.0|1|0|350000.0|350000.0|0|0|12
48420.0|6098341.0|202312|01/12/23|191069|195|801216694709|117|203978.1|0|0|0|0|0|0|0|12726.0|0|0|1|1|0|0|1|0|0|1|203978.1|1|1|203978.1|203978.1|0|0|0
27156903.0|3452767.0|202312|20/12/23|355004|46|902659076518|60|260630.0|1|0|0|0|0|0|0|2580.0|0|0|1|1|0|1|0|0|0|1|260630.0|1|0|260630.0|260630.0|0|0|9
18258.0|1984672.0|202312|06/12/23|550000|408|902654439811|117|463500.0|0|0|1|0|0|0|0|9316.0|0|0|1|1|0|1|0|0|0|0|463500.0|1|0|463500.0|463500.0|0|0|1
21835.0|23072186.0|202312|12/12/23|585000|140|801220692339|60|201146.2|0|0|0|0|0|1|0||0|0|1|1|0|1|0|0|0|1|201146.2|0|0|201146.2|201146.2|0|0|9
22616512.0|1620138.0|202312|22/12/23|194000|68|801225626294|62|221116.31|0|0|0|0|0|0|0|2067.0|0|0|1|1|0|1|0|0|0|0|221116.31|1|0|221116.31|221116.31|0|0|4
14149421.0|14149421.0|202312|06/12/23|345000|186|902654260149|60|300000.0|0|1|0|0|0|1|0||0|0|1|1|0|1|0|0|0|1|300000.0|0|0|300000.0|300000.0|0|0|2
12844012.0|6878847.0|202312|23/12/23|380000|186|801226325153|62|201360.0|0|0|0|0|0|0|0|3560.0|0|0|1|1|0|0|0|0|0|1|201360.0|1|0|201360.0|201360.0|0|1|5
12844012.0|12844012.0|202312|11/12/23|380000|409|801220146592|62|209230.0|0|0|0|0|0|0|0|3519.0|0|0|0|0|0|0|0|0|0|1|209230.0|1|1|209230.0|209230.0|0|0|5
28088704.0|149426.0|202312|06/12/23|200000|515|902654446130|115|275000.0|1|0|0|0|0|0|0|2678.0|0|0|1|1|0|0|0|0|0|1|275000.0|1|0|275000.0|275000.0|0|0|5
22407363.0|26046676.0|202312|15/12/23|191010|87|801222266193|60|203000.0|0|0|0|0|0|1|0||0|0|1|1|0|1|0|0|0|1|203000.0|0|0|203000.0|203000.0|0|0|9
16633075.0|23386968.0|202312|26/12/23|305006|90|902660937158|117|200003.0|0|0|0|0|0|0|0|2860.0|0|0|1|1|0|1|0|0|0|1|200003.0|1|0|200003.0|200003.0|0|0|9
9456107.0|2180234.0|202312|28/12/23|305000|520|801227972710|117|200000.0|0|0|0|0|0|0|0|5206.0|0|0|1|1|0|1|0|0|0|0|200000.0|1|0|200000.0|200000.0|0|0|4
29287259.0|12499485.0|202312|21/12/23|365002|229|801225358343|62|238022.0|1|0|0|0|0|0|0|2870.0|0|0|1|1|0|1|0|0|0|1|238022.0|1|0|238022.0|238022.0|0|0|9
22024180.0|5845429.0|202312|18/12/23|191118|809|902658454431|117|249900.0|1|0|0|0|0|0|0|2093.0|0|0|1|1|0|1|0|0|0|0|249900.0|1|0|249900.0|249900.0|0|0|4
15228827.0|556724.0|202312|18/12/23|200000|308|902658170016|60|200000.0|0|0|0|0|0|1|0||0|0|1|1|0|1|0|0|0|1|200000.0|0|0|200000.0|200000.0|0|0|9
23980138.0|13169632.0|202312|27/12/23|305000|154|801227162465|117|219460.0|0|0|0|0|0|0|0|1425.0|0|0|1|1|0|0|1|0|0|1|219460.0|1|0|219460.0|219460.0|0|0|0
2658009.0|22402295.0|202312|14/12/23|305007|455|801222144938|84|472037.6|0|0|1|0|0|0|0||0|0|1|1|0|1|0|0|0|1|472037.6|0|1|472037.6|472037.6|0|0|18
9817886.0|9817886.0|202312|21/12/23|540000|254|902659642497|60|268400.0|1|0|0|0|0|1|0||0|0|1|1|0|1|0|0|0|1|268400.0|0|0|268400.0|268400.0|0|0|9
19479460.0|4547649.0|202312|26/12/23|220000|503|801226871578|62|291183.0|0|1|0|0|0|0|0|2653.0|0|0|1|1|0|1|0|0|0|0|291183.0|1|0|291183.0|291183.0|0|0|12
13107798.0|114117.0|202312|14/12/23|405000|410|801221900528|117|560000.0|0|0|1|0|0|0|0|5502.0|0|0|1|1|0|1|0|0|1|1|560000.0|1|0|560000.0|560000.0|0|0|18
69556.0|10585000.0|202312|11/12/23|395000|131|902655174068|62|487720.0|0|0|1|0|0|0|0|14193.0|0|0|1|1|0|0|1|0|0|1|487720.0|1|0|487720.0|487720.0|0|0|13
69556.0|23323429.0|202312|02/12/23|395000|222|902652865742|62|326760.0|0|1|0|0|0|0|0|13920.0|0|0|1|1|0|0|1|0|0|1|326760.0|1|0|326760.0|326760.0|0|0|3
69556.0|16497037.0|202312|21/12/23|395000|77|902659595581|62|264920.0|1|0|0|0|0|0|0|14232.0|0|0|1|1|0|0|1|0|0|1|264920.0|1|0|264920.0|264920.0|0|0|0
69556.0|16497037.0|202312|18/12/23|395000|148|902658023519|62|217000.0|0|0|0|0|0|0|0|14229.0|0|0|1|1|0|0|1|0|0|1|217000.0|1|0|217000.0|217000.0|0|0|0
25974821.0|13239219.0|202312|16/12/23|193024|209|902657853334|62|227750.0|1|0|0|0|0|0|0|903.0|0|0|1|1|0|1|0|0|0|0|227750.0|1|0|227750.0|227750.0|0|0|4
25303064.0|17630741.0|202312|14/12/23|405000|865|801222170966|62|716150.0|0|0|0|1|0|0|0|1581.0|0|0|1|1|0|1|0|0|1|0|716150.0|1|0|699065.4099999998|699065.4099999998|0|0|15
5132049.0|5132049.0|202312|12/12/23|285000|778|902655970797|107|327447.57|0|1|0|0|0|1|0||0|0|1|1|0|1|0|0|0|1|327447.57|0|0|327447.57|327447.57|0|0|2
152004.0|2379096.0|202312|06/12/23|215006|355|902654365931|84|309029.45|0|1|0|0|0|1|0||0|0|1|1|0|1|0|0|0|1|309029.45|0|0|309029.45|309029.45|0|0|2
7533958.0|8691054.0|202312|22/12/23|191097|131|902660142565|60|741339.6|0|0|0|1|0|1|0||0|0|1|1|0|1|0|0|1|1|741339.6|0|0|699065.4099999998|699065.4099999998|0|0|15
407900.0|1046727.0|202312|12/12/23|570002|286|801220764836|62|253510.0|1|0|0|0|0|0|0|8546.0|0|0|1|1|0|1|0|0|0|0|253510.0|1|0|253510.0|253510.0|0|0|4
8851327.0|3065526.0|202312|07/12/23|335000|364|801219464470|62|669793.1|0|0|0|1|0|0|0|2148.0|0|0|1|1|0|0|0|0|1|1|669793.1|1|0|669793.1|669793.1|0|0|8
13151005.0|804575.0|202312|07/12/23|310004|146|801219496241|62|286309.1|0|1|0|0|0|0|0|4571.0|0|0|1|1|0|1|0|0|0|0|286309.1|1|0|286309.1|286309.1|0|0|12
8637421.0|6517508.0|202312|30/12/23|380000|111|801229022084|62|520164.9|0|0|1|0|0|0|0|2879.0|0|0|1|1|0|0|0|0|1|1|520164.9|1|0|520164.9|520164.9|0|0|14
8637421.0|5224738.0|202312|27/12/23|380000|310|801227292313|62|903117.8|0|0|0|1|0|0|0|2876.0|0|0|0|0|0|0|0|0|1|1|903117.8|1|1|699065.4099999998|699065.4099999998|0|0|8
8637421.0|5224738.0|202312|19/12/23|380000|163|801223892747|62|803975.5|0|0|0|1|0|0|0|2868.0|0|0|0|0|0|0|0|0|1|1|803975.5|1|1|699065.4099999998|699065.4099999998|0|0|8
8637421.0|5224738.0|202312|07/12/23|380000|229|801219384802|62|468592.2|0|0|1|0|0|0|0|2708.0|0|0|0|0|0|0|0|0|0|1|468592.2|1|1|468592.2|468592.2|0|0|14
8637421.0|5224738.0|202312|05/12/23|380000|304|801218230813|62|1087390.6|0|0|0|1|0|0|0|2647.0|0|0|0|0|0|0|0|0|1|1|1087390.6|1|1|699065.4099999998|699065.4099999998|0|0|8
8637421.0|5224738.0|202312|12/12/23|380000|455|801220812996|62|733004.6|0|0|0|1|0|0|0|2861.0|0|0|0|0|0|0|0|0|1|1|733004.6|1|1|699065.4099999998|699065.4099999998|0|0|8
9303389.0|2673472.0|202312|26/12/23|480000|166|902660944876|62|400000.0|0|1|0|0|0|0|0|5060.0|0|0|1|1|0|1|0|0|0|0|400000.0|1|0|400000.0|400000.0|0|0|12
3384291.0|9844850.0|202312|15/12/23|405000|230|801222359191|116|216402.34|0|0|0|0|0|0|0|7844.0|0|0|1|1|0|0|1|0|0|1|216402.34|1|0|216402.34|216402.34|0|0|0
26088954.0|6672740.0|202312|12/12/23|285000|1032|902656071943|62|202500.0|0|0|0|0|0|0|0|848.0|0|0|1|1|0|1|0|0|0|1|202500.0|1|0|202500.0|202500.0|0|0|9
8643323.0|8643323.0|202312|04/12/23|215002|558|902653180319|60|250160.0|1|0|0|0|0|1|0||0|0|1|1|0|1|0|0|0|1|250160.0|0|0|250160.0|250160.0|0|0|9
27851670.0|804575.0|202312|28/12/23|310004|211|801228123938|62|480981.15|0|0|1|0|0|0|0|2190.0|0|0|1|1|0|1|0|0|0|1|480981.15|1|0|480981.15|480981.15|0|0|18
69556.0|11048610.0|202312|06/12/23|395000|54|902654086188|62|284880.0|0|1|0|0|0|0|0|14040.0|0|0|1|1|0|0|1|0|0|1|284880.0|1|0|284880.0|284880.0|0|0|3
26119797.0|22943417.0|202312|19/12/23|495000|610|801224264565|62|268640.0|1|0|0|0|0|0|0|801.0|0|0|1|1|0|1|0|0|0|1|268640.0|1|0|268640.0|268640.0|0|0|9
5588063.0|8156249.0|202312|15/12/23|405000|560|801222590734|117|425983.9|0|0|1|0|0|0|0|6909.0|0|0|1|1|0|1|0|0|0|1|425983.9|1|0|425983.9|425983.9|0|0|18
8637421.0|14616669.0|202312|30/12/23|380000|203|801229038321|62|487129.3|0|0|1|0|0|0|0|2879.0|0|0|1|1|0|0|0|0|0|1|487129.3|1|0|487129.3|487129.3|0|0|14
750523.0|8063329.0|202312|13/12/23|193001|410|902656431670|62|250000.0|1|0|0|0|0|0|0|10754.0|0|0|1|1|0|1|0|0|0|1|250000.0|1|0|250000.0|250000.0|0|0|9
23388086.0|14406828.0|202312|20/12/23|305000|1092|801224927497|62|530000.0|0|0|1|0|0|0|0|1687.0|0|0|1|1|0|0|1|0|1|1|530000.0|1|1|530000.0|530000.0|0|0|13
8778137.0|5767036.0|202312|01/12/23|435000|274|801217005810|62|215000.0|0|0|0|0|0|0|0|5754.0|0|0|1|1|0|1|0|0|0|1|215000.0|1|0|215000.0|215000.0|0|0|9
9475266.0|17543400.0|202312|22/12/23|365002|68|801225709037|60|355000.0|0|1|0|0|0|1|0||0|0|1|1|0|1|0|0|0|1|355000.0|0|0|355000.0|355000.0|0|0|2
19283527.0|19283527.0|202312|21/12/23|375000|549|902659938866|60|300000.0|0|1|0|0|0|1|0||0|0|1|1|0|1|0|0|0|1|300000.0|0|0|300000.0|300000.0|0|0|2
5019878.0|24527861.0|202312|05/12/23|495000|337|801218308223|62|253043.0|1|0|0|0|0|1|0||0|0|1|1|0|1|0|0|0|1|253043.0|0|0|253043.0|253043.0|0|0|9
1559048.0|2289239.0|202312|06/12/23|475007|272|801218922228|60|372474.3|0|1|0|0|0|1|0||0|0|1|1|0|1|0|0|0|1|372474.3|0|0|372474.3|372474.3|0|1|2
3747455.0|6209959.0|202312|26/12/23|405000|121|801226592120|62|263600.0|1|0|0|0|0|0|0|7852.0|0|0|1|1|0|1|0|0|0|1|263600.0|1|0|263600.0|263600.0|0|0|9
1078657.0|10965013.0|202312|06/12/23|220000|340|801218887537|60|430000.0|0|0|1|0|0|0|0|-13608.0|0|0|1|1|0|1|0|0|0|0|430000.0|1|0|430000.0|430000.0|1|0|1
2373361.0|201161.0|202312|01/12/23|191000|628|801216908946|84|200024.0|0|0|0|0|0|0|0|10874.0|0|0|1|1|0|0|1|0|0|1|200024.0|1|0|200024.0|200024.0|1|0|0
9527788.0|24646300.0|202312|15/12/23|480000|432|902657375113|62|653450.0|0|0|0|1|0|0|0|4725.0|0|0|1|1|0|0|1|0|1|1|653450.0|1|0|653450.0|653450.0|1|0|11
16217.0|2873306.0|202312|28/12/23|245001|446|902662337346|115|264500.0|1|0|0|0|0|0|0|9144.0|0|0|1|1|0|0|0|0|0|1|264500.0|1|0|264500.0|264500.0|0|0|5
6512022.0|6512022.0|202312|18/12/23|305000|394|801223331787|107|250000.0|1|0|0|0|0|1|0||0|0|1|1|0|1|0|0|0|1|250000.0|0|0|250000.0|250000.0|0|0|9
17185224.0|11459482.0|202312|22/12/23|191143|460|801226060690|62|200000.0|0|0|0|0|0|0|0|2692.0|0|0|1|1|0|1|0|0|0|0|200000.0|1|0|200000.0|200000.0|0|0|4
1877951.0|1877951.0|202312|21/12/23|191068|357|801225514796|64|300015.0|0|1|0|0|0|1|0||0|0|1|1|0|1|0|0|0|0|300015.0|0|0|300015.0|300015.0|0|0|12
77009.0|645348.0|202312|18/12/23|570009|586|801223732343|62|228200.0|1|0|0|0|0|0|0|9696.0|0|0|1|1|0|1|0|0|0|0|228200.0|1|0|228200.0|228200.0|0|0|4
7926860.0|4068733.0|202312|04/12/23|191147|353|902653338869|117|445379.0|0|0|1|0|0|0|0|5173.0|0|0|1|1|0|1|0|0|0|1|445379.0|1|0|445379.0|445379.0|0|0|18
18258.0|1984672.0|202312|30/12/23|550000|198|902663109962|117|529850.0|0|0|1|0|0|0|0|9517.0|0|0|1|1|0|1|0|0|1|0|529850.0|1|0|529850.0|529850.0|0|0|1
21835.0|21835.0|202312|27/12/23|550000|163|902661576267|62|250000.0|1|0|0|0|0|1|0||0|0|1|1|0|1|0|0|0|1|250000.0|0|0|250000.0|250000.0|0|0|9
21835.0|21835.0|202312|27/12/23|550000|163|902661576414|62|295000.0|0|1|0|0|0|1|0||0|0|1|1|0|1|0|0|0|1|295000.0|0|0|295000.0|295000.0|0|0|2
25515995.0|86628.0|202312|13/12/23|194066|313|801221523793|62|348275.95|0|1|0|0|0|0|0|842.0|0|0|1|1|0|1|0|0|0|0|348275.95|1|0|348275.95|348275.95|0|0|12
12844012.0|12844012.0|202312|26/12/23|380000|476|801226914942|62|259490.0|1|0|0|0|0|0|0|3563.0|0|0|0|0|0|0|0|0|0|1|259490.0|1|1|259490.0|259490.0|0|0|5
22290037.0|2206633.0|202312|29/12/23|194072|501|801228874698|62|300020.0|0|1|0|0|0|0|0|7375.0|0|0|1|1|0|1|0|0|0|0|300020.0|1|0|300020.0|300020.0|0|0|12
12106528.0|19536336.0|202312|26/12/23|365000|786|801227090843|60|297000.0|0|1|0|0|0|1|0||0|0|1|1|0|1|0|0|0|1|297000.0|0|0|297000.0|297000.0|0|0|2
4843054.0|12060700.0|202312|12/12/23|305007|318|801220817562|117|580300.0|0|0|0|1|0|0|0|7197.0|0|0|1|1|0|0|1|0|1|1|580300.0|1|0|580300.0|580300.0|0|0|11
10905795.0|17427024.0|202312|27/12/23|570000|573|902661504078|60|500000.0|0|0|1|0|0|1|0||0|0|1|1|0|1|0|0|0|1|500000.0|0|0|500000.0|500000.0|0|0|18
25222607.0|25222607.0|202312|14/12/23|380008|382|902657039176|60|200000.0|0|0|0|0|0|1|0||0|0|1|1|0|1|0|0|0|1|200000.0|0|0|200000.0|200000.0|0|0|9
2096628.0|28990521.0|202312|18/12/23|305000|407|801223325417|62|205190.0|0|0|0|0|0|0|0|11307.0|0|0|1|1|0|0|1|0|0|1|205190.0|1|0|205190.0|205190.0|0|0|0
2096628.0|23419760.0|202312|23/12/23|570000|418|902660646272|62|262040.0|1|0|0|0|0|0|0|11312.0|0|0|1|1|0|0|1|0|0|1|262040.0|1|0|262040.0|262040.0|0|0|0
7310329.0|776217.0|202312|15/12/23|191061|520|902657497658|115|277793.71|1|0|0|0|0|0|0|5530.0|0|0|1|1|0|0|1|0|0|1|277793.71|1|0|277793.71|277793.71|0|0|0
12898574.0|3196519.0|202312|27/12/23|191000|192|801227233497|107|240391.39|1|0|0|0|0|0|0|3596.0|0|0|1|1|0|1|0|0|0|0|240391.39|1|0|240391.39|240391.39|0|0|4
24698282.0|3196092.0|202312|04/12/23|315001|303|902653328880|84|228014.0|1|0|0|0|0|0|0|1861.0|0|0|1|1|0|1|0|0|0|1|228014.0|1|0|228014.0|228014.0|0|0|9
13107798.0|752472.0|202312|18/12/23|405000|296|801223339887|117|440000.0|0|0|1|0|0|0|0|5506.0|0|0|1|1|0|1|0|0|0|0|440000.0|1|0|440000.0|440000.0|0|0|1
69556.0|16497037.0|202312|26/12/23|395000|106|902660981150|62|227150.0|1|0|0|0|0|0|0|14237.0|0|0|1|1|0|0|1|0|0|1|227150.0|1|0|227150.0|227150.0|0|0|0
8780703.0|5974434.0|202312|18/12/23|215011|170|902658042446|84|210024.5|0|0|0|0|0|1|0||0|0|1|1|0|1|0|0|0|1|210024.5|0|0|210024.5|210024.5|0|0|9
29038841.0|28224560.0|202312|15/12/23|245001|239|902657332033|62|600000.0|0|0|0|1|0|0|0|2864.0|0|0|1|1|0|1|0|0|1|0|600000.0|1|0|600000.0|600000.0|0|0|15
29038841.0|28224560.0|202312|20/12/23|245000|556|801224900882|62|600000.0|0|0|0|1|0|0|0|2869.0|0|0|1|1|0|1|0|0|1|0|600000.0|1|0|600000.0|600000.0|0|0|15
26990761.0|3653489.0|202312|01/12/23|191095|122|801216641340|87|210004.3|0|0|0|0|0|0|0|5726.0|0|0|1|1|0|1|0|0|0|0|210004.3|1|0|210004.3|210004.3|0|0|4
8851327.0|3065526.0|202312|29/12/23|335000|840|801228824136|62|670495.3|0|0|0|1|0|0|0|2318.0|0|0|1|1|0|0|0|0|1|1|670495.3|1|0|670495.3|670495.3|0|0|8
8851327.0|4306183.0|202312|06/12/23|570000|443|902654167488|62|440715.6|0|0|1|0|0|0|0|2118.0|0|0|1|1|0|0|0|0|0|1|440715.6|1|0|440715.6|440715.6|0|0|14
8851327.0|3065562.0|202312|01/12/23|335000|727|801217024311|62|691734.1|0|0|0|1|0|0|0|1967.0|0|0|1|1|0|0|0|0|1|1|691734.1|1|0|691734.1|691734.1|0|0|8
8851327.0|7782324.0|202312|30/12/23|570000|391|902662987440|62|474737.4|0|0|1|0|0|0|0|2319.0|0|0|1|1|0|0|0|0|0|1|474737.4|1|0|474737.4|474737.4|0|0|14
8637421.0|5224738.0|202312|19/12/23|380000|171|801223895355|62|488938.5|0|0|1|0|0|0|0|2868.0|0|0|0|0|0|0|0|0|0|1|488938.5|1|1|488938.5|488938.5|0|0|14
8637421.0|3072941.0|202312|23/12/23|380000|115|801226265565|62|754301.7|0|0|0|1|0|0|0|2872.0|0|0|1|1|0|0|0|0|1|1|754301.7|1|0|699065.4099999998|699065.4099999998|0|0|8
3578303.0||202312|11/12/23|305000|575|801220191898|60|200000.0|0|0|0|0|0|0|0||0|0|0|0|0|1|0|0|0|1|200000.0|0|1|200000.0|200000.0|0|0|9
|5522706.0|202312|21/12/23|191015|140|801225173318|62|450000.0|0|0|1|0|0|0|0||0|0|1|1|0|0|0|0|0|1|450000.0|1|0|450000.0|450000.0|0|0|14
18037204.0|18037204.0|202312|15/12/23|570012|500|801222693162|60|200000.0|0|0|0|0|0|1|0||0|0|1|1|0|1|0|0|0|1|200000.0|0|0|200000.0|200000.0|0|0|9
9386232.0|21835.0|202312|30/12/23|550000|154|902663055753|62|300000.0|0|1|0|0|0|0|0|5065.0|0|0|1|1|0|1|0|0|0|1|300000.0|1|0|300000.0|300000.0|0|0|2
27551420.0|5958765.0|202312|23/12/23|192081|75|801226319860|62|226658.33|0|0|0|0|0|0|0|2872.0|0|0|1|1|0|1|0|0|0|0|226658.33|1|0|226658.33|226658.33|0|0|4
55315.0|7112307.0|202312|05/12/23|405000|751|801218568691|117|202493.33|0|0|0|0|0|0|0|16389.0|0|0|1|1|0|0|0|0|0|1|202493.33|1|0|202493.33|202493.33|0|0|5
12844012.0|11980486.0|202312|20/12/23|305000|475|801224613925|62|225900.0|0|0|0|0|0|0|0|3557.0|0|0|1|1|0|0|0|0|0|1|225900.0|1|0|225900.0|225900.0|0|0|5
12671158.0|5464327.0|202312|14/12/23|245001|165|902656813976|62|475000.0|0|0|1|0|0|0|0|3731.0|0|0|1|1|0|1|0|0|0|0|475000.0|1|0|475000.0|475000.0|0|0|1
29413531.0|17253996.0|202312|02/12/23|194000|247|801217272648|62|273950.0|1|0|0|0|0|0|0|2558.0|0|0|1|1|0|0|1|0|0|1|273950.0|1|0|273950.0|273950.0|0|0|0
13906912.0|23351531.0|202312|15/12/23|191006|225|902657259743|117|225000.0|0|0|0|0|0|0|0|3505.0|0|0|1|1|0|0|1|0|0|0|225000.0|1|0|225000.0|225000.0|0|0|16
24270992.0|21777921.0|202312|06/12/23|193011|443|801219038381|62|222500.0|0|0|0|0|0|0|0|2224.0|0|0|1|1|0|1|0|0|0|1|222500.0|1|0|222500.0|222500.0|0|0|9
10068069.0|6108855.0|202312|30/12/23|215002|231|902663000436|62|288210.0|0|1|0|0|0|0|0|4349.0|0|0|1|1|0|1|0|0|0|0|288210.0|1|0|288210.0|288210.0|0|0|12
7737552.0|22550154.0|202312|18/12/23|495000|769|801223715250|60|220000.0|0|0|0|0|0|1|0||0|0|1|1|0|1|0|0|0|1|220000.0|0|0|220000.0|220000.0|0|0|9
8672384.0|4579391.0|202312|20/12/23|194011|195|902659241399|62|370720.0|0|1|0|0|0|0|0|5131.0|0|0|1|1|0|0|1|0|0|1|370720.0|1|0|370720.0|370720.0|0|1|3
6930981.0|12147397.0|202312|22/12/23|215000|490|801225837971|62|302686.2|0|1|0|0|0|0|0|6198.0|0|0|1|1|0|0|1|0|0|1|302686.2|1|0|302686.2|302686.2|0|1|3
56639.0|17440508.0|202312|21/12/23|405005|61|902659565884|117|200004.0|0|0|0|0|0|0|0|14601.0|0|0|1|1|0|0|1|0|0|1|200004.0|1|0|200004.0|200004.0|0|0|0
6495250.0|4029722.0|202312|14/12/23|300000|291|801221980709|62|200000.0|0|0|0|0|0|0|0|6042.0|0|0|1|1|0|1|0|0|0|1|200000.0|1|0|200000.0|200000.0|0|0|9
|6413777.0|202312|16/12/23|193024|47|902657676048|84|400034.0|0|0|1|0|0|0|0||0|0|1|1|0|0|0|0|0|1|400034.0|1|0|400034.0|400034.0|0|0|14
2560603.0|24451530.0|202312|30/12/23|495000|35|801228937466|62|300025.0|0|1|0|0|0|1|0||0|0|1|1|0|1|0|0|0|1|300025.0|0|0|300025.0|300025.0|1|0|2
9527788.0|9527788.0|202312|11/12/23|480000|343|902655268165|62|262970.0|1|0|0|0|0|0|0|4692.0|0|0|0|0|1|0|1|1|0|1|262970.0|1|1|262970.0|262970.0|1|1|0
3423599.0|5776482.0|202312|28/12/23|191061|273|902662082878|117|475000.0|0|0|1|0|0|0|0|8197.0|0|0|1|1|0|0|1|0|0|0|475000.0|1|0|475000.0|475000.0|1|0|6
3423599.0|5776482.0|202312|01/12/23|191061|273|902652365431|117|342502.75|0|1|0|0|0|0|0|7847.0|0|0|1|1|0|0|1|0|0|0|342502.75|1|0|342502.75|342502.75|1|0|17
7059638.0|6696211.0|202312|20/12/23|305000|592|801224666675|62|300000.0|0|1|0|0|0|0|0|6166.0|0|0|0|0|1|0|1|0|0|0|300000.0|1|0|300000.0|300000.0|0|0|17
11853125.0|16298401.0|202312|11/12/23|200000|207|902655229528|117|226954.92|1|0|0|0|0|0|0|3903.0|0|0|1|1|0|1|0|0|0|0|226954.92|1|0|226954.92|226954.92|0|0|4
65798.0|9261716.0|202312|15/12/23|191069|452|801222758291|115|1129000.0|0|0|0|1|0|0|0|10573.0|0|0|1|1|0|0|0|0|1|1|1129000.0|1|0|699065.4099999998|699065.4099999998|0|1|8
3454983.0|3010416.0|202312|12/12/23|193069|452|801221044787|62|225000.0|0|0|0|0|0|0|0|7957.0|0|0|1|1|0|1|0|0|0|0|225000.0|1|0|225000.0|225000.0|0|0|4
31119.0|19511038.0|202312|12/12/23|191015|207|801220777602|117|275102.4|1|0|0|0|0|0|0|10936.0|0|0|1|1|0|0|1|0|0|0|275102.4|1|0|275102.4|275102.4|0|0|16
6147845.0|8690923.0|202312|29/12/23|560000|77|902662439437|117|236000.0|1|0|0|0|0|0|0|6139.0|0|0|1|1|0|0|1|0|0|1|236000.0|1|0|236000.0|236000.0|0|0|0
23937571.0|5725950.0|202312|13/12/23|191005|32|801221103860|107|399640.5|0|1|0|0|0|0|0|1640.0|0|0|1|1|0|1|0|0|0|0|399640.5|1|0|399640.5|399640.5|0|0|12
15970379.0|24010493.0|202312|11/12/23|194022|223|801220068736|62|294600.0|0|1|0|0|0|0|0|2909.0|0|0|1|1|0|1|0|0|0|0|294600.0|1|0|294600.0|294600.0|0|0|12
12844012.0|12844012.0|202312|20/12/23|380000|99|801224462921|62|210740.0|0|0|0|0|0|0|0|3557.0|0|0|0|0|0|0|0|0|0|1|210740.0|1|1|210740.0|210740.0|0|0|5
12844012.0|12844012.0|202312|11/12/23|380000|847|801220466658|62|209230.0|0|0|0|0|0|0|0|3519.0|0|0|0|0|0|0|0|0|0|1|209230.0|1|1|209230.0|209230.0|0|0|5
7298650.0|7298650.0|202312|06/12/23|215002|384|902654201043|60|259000.0|1|0|0|0|0|1|0||0|0|1|1|0|1|0|0|0|1|259000.0|0|0|259000.0|259000.0|0|0|9
22481646.0|8476438.0|202312|30/12/23|193017|32|801228929746|60|340000.0|0|1|0|0|0|0|0||0|0|1|1|0|1|0|0|0|1|340000.0|0|1|340000.0|340000.0|0|0|2
4054251.0|4049934.0|202312|01/12/23|215006|210|902652383978|60|250000.0|1|0|0|0|0|1|0||0|0|1|1|0|1|0|0|0|0|250000.0|0|0|250000.0|250000.0|0|0|4
10938498.0|21835.0|202312|29/12/23|550000|162|902662533587|115|275280.0|1|0|0|0|0|0|0|4244.0|0|0|1|1|0|0|0|0|0|1|275280.0|1|0|275280.0|275280.0|0|0|5
26002997.0|5069941.0|202312|20/12/23|250000|179|801224596007|60|300000.0|0|1|0|0|0|0|0|967.0|0|0|1|1|0|1|0|0|0|0|300000.0|1|0|300000.0|300000.0|0|0|12
120699.0|4049934.0|202312|01/12/23|215006|210|902652388958|84|248026.4|1|0|0|0|0|0|0|10951.0|0|0|1|1|0|1|0|0|0|1|248026.4|1|0|248026.4|248026.4|0|0|9
2096628.0|23419760.0|202312|02/12/23|570000|105|902652690816|62|208670.0|0|0|0|0|0|0|0|10998.0|0|0|1|1|0|0|1|0|0|1|208670.0|1|0|208670.0|208670.0|0|0|0
2096628.0|23419760.0|202312|12/12/23|570000|708|902655852040|62|245700.0|1|0|0|0|0|0|0|11301.0|0|0|1|1|0|0|1|0|0|1|245700.0|1|0|245700.0|245700.0|0|0|0
6841682.0|556724.0|202312|18/12/23|200000|308|902658169656|60|307180.0|0|1|0|0|0|1|0||0|0|1|1|0|1|0|0|0|1|307180.0|0|0|307180.0|307180.0|0|0|2
558426.0|9874334.0|202312|30/12/23|205000|224|902663101560|60|300000.0|0|1|0|0|0|1|0||0|0|1|1|0|1|0|0|0|1|300000.0|0|0|300000.0|300000.0|0|0|2
70701.0|16508968.0|202312|18/12/23|570011|460|902658248088|115|300000.0|0|1|0|0|0|0|0|-14290.0|0|0|1|1|0|0|0|0|0|1|300000.0|1|0|300000.0|300000.0|0|0|10
4613804.0|5571554.0|202312|05/12/23|215002|98|902653555214|117|210002.0|0|0|0|0|0|0|0|6924.0|0|0|1|1|0|0|1|0|0|0|210002.0|1|0|210002.0|210002.0|0|0|16
4613804.0|16406274.0|202312|02/12/23|215013|64|801217174232|62|260000.0|1|0|0|0|0|0|0|6835.0|0|0|1|1|0|0|1|0|0|1|260000.0|1|0|260000.0|260000.0|0|0|0
23980138.0|13697415.0|202312|27/12/23|475000|546|801227407445|117|321500.0|0|1|0|0|0|0|0|1425.0|0|0|1|1|0|0|1|0|0|0|321500.0|1|0|321500.0|321500.0|0|0|17
23980138.0|11184751.0|202312|27/12/23|335000|678|801227549502|117|202480.0|0|0|0|0|0|0|0|1425.0|0|0|1|1|0|0|1|0|0|1|202480.0|1|0|202480.0|202480.0|0|0|0
3331810.0|1026638.0|202312|19/12/23|191095|379|801224365777|60|230000.0|1|0|0|0|0|1|0||0|0|1|1|0|1|0|0|0|1|230000.0|0|0|230000.0|230000.0|0|0|9
69556.0|23323429.0|202312|23/12/23|395000|111|902660623879|62|364040.0|0|1|0|0|0|0|0|14234.0|0|0|1|1|0|0|1|0|0|1|364040.0|1|0|364040.0|364040.0|0|0|3
28677099.0|19536336.0|202312|26/12/23|365000|732|801227085807|62|250058.88|1|0|0|0|0|0|0|562.0|0|0|1|1|0|1|0|0|0|0|250058.88|1|0|250058.88|250058.88|0|0|4
11957284.0|15943787.0|202312|12/12/23|570009|551|801220931633|60|225000.0|0|0|0|0|0|1|0||0|0|1|1|0|1|0|0|0|1|225000.0|0|0|225000.0|225000.0|0|0|9
407900.0|1543169.0|202312|12/12/23|570002|286|801220764836|62|253510.0|1|0|0|0|0|0|0|8546.0|0|0|1|1|0|1|0|0|0|1|253510.0|1|0|253510.0|253510.0|0|0|9
8851327.0|3065562.0|202312|14/12/23|335000|610|801222039802|62|392212.1|0|1|0|0|0|0|0|2303.0|0|0|1|1|0|0|0|0|0|1|392212.1|1|0|392212.1|392212.1|0|0|10
8851327.0|2483740.0|202312|22/12/23|570000|526|902660137321|62|466031.4|0|0|1|0|0|0|0|2311.0|0|0|1|1|0|0|0|0|0|1|466031.4|1|0|466031.4|466031.4|0|0|14
8851327.0|2483740.0|202312|02/12/23|570000|80|902652683900|62|434336.6|0|0|1|0|0|0|0|1998.0|0|0|1|1|0|0|0|0|0|1|434336.6|1|0|434336.6|434336.6|0|0|14
8637421.0|5224738.0|202312|14/12/23|380000|415|801221904589|62|397907.0|0|1|0|0|0|0|0|2863.0|0|0|0|0|0|0|0|0|0|1|397907.0|1|1|397907.0|397907.0|0|0|10
8637421.0|5385203.0|202312|30/12/23|380000|191|801229031003|62|750971.1|0|0|0|1|0|0|0|2879.0|0|0|1|1|0|0|0|0|1|1|750971.1|1|0|699065.4099999998|699065.4099999998|0|0|8
11556570.0|11556570.0|202312|19/12/23|550000|227|902658684244|107|338088.69|0|1|0|0|0|1|0||0|0|1|1|0|1|0|0|0|1|338088.69|0|0|338088.69|338088.69|0|0|2
2233972.0|22959567.0|202312|20/12/23|405005|478|902659470699|117|222566.9|0|0|0|0|0|0|0|10697.0|0|0|1|1|0|0|0|0|0|1|222566.9|1|0|222566.9|222566.9|0|0|5
72314.0|6082815.0|202312|26/12/23|570012|503|801226994700|115|290995.89|0|1|0|0|0|0|0|-11891.0|0|0|1|1|0|0|0|0|0|1|290995.89|1|0|290995.89|290995.89|0|0|10
13820499.0|11048610.0|202312|29/12/23|395000|174|902662494903|62|231460.0|1|0|0|0|0|0|0|3640.0|0|0|1|1|0|1|0|0|0|1|231460.0|1|0|231460.0|231460.0|0|0|9
28565467.0|5573573.0|202312|22/12/23|193057|259|801225994163|62|250000.0|1|0|0|0|0|0|0|638.0|0|0|1|1|0|1|0|0|0|1|250000.0|1|0|250000.0|250000.0|0|0|9
8851327.0|10524240.0|202312|14/12/23|335000|598|801222032616|62|610581.1|0|0|0|1|0|0|0|2303.0|0|0|1|1|0|0|0|0|1|1|610581.1|1|0|610581.1|610581.1|0|0|8
12844012.0|11980486.0|202312|30/12/23|305000|304|801229063255|62|299690.0|0|1|0|0|0|0|0|3567.0|0|0|1|1|0|0|0|0|0|1|299690.0|1|0|299690.0|299690.0|0|0|10
8851327.0|9658750.0|202312|06/12/23|335000|756|801219141098|62|577328.0|0|0|1|0|0|0|0|2118.0|0|0|1|1|0|0|0|0|1|1|577328.0|1|0|577328.0|577328.0|0|0|14
69556.0|19454037.0|202312|13/12/23|395000|15|902656174845|62|390740.0|0|1|0|0|0|0|0|14224.0|0|0|1|1|0|0|1|0|0|1|390740.0|1|0|390740.0|390740.0|0|0|3
23980138.0|5244519.0|202312|27/12/23|575000|745|902661781110|117|213200.0|0|0|0|0|0|0|0|1425.0|0|0|1|1|0|0|1|0|0|1|213200.0|1|0|213200.0|213200.0|0|0|0
71334.0|4110063.0|202312|02/12/23|570011|169|902652804047|115|300000.0|0|1|0|0|0|0|0|13643.0|0|0|1|1|0|0|1|0|0|1|300000.0|1|0|300000.0|300000.0|0|0|3
14492634.0|18346355.0|202312|19/12/23|191095|198|801224110940|60|451400.0|0|0|1|0|0|0|0|4205.0|0|0|1|1|0|1|0|0|0|0|451400.0|1|0|451400.0|451400.0|0|0|1
14492634.0|18346355.0|202312|27/12/23|191105|233|801227309344|60|522000.0|0|0|1|0|0|0|0|4213.0|0|0|1|1|0|1|0|0|1|0|522000.0|1|0|522000.0|522000.0|0|0|1
4487078.0|4487078.0|202312|07/12/23|191088|120|902654627696|60|250000.0|1|0|0|0|0|1|0||0|0|1|1|0|1|0|0|0|1|250000.0|0|0|250000.0|250000.0|0|0|9
5097808.0|6233098.0|202312|19/12/23|305000|227|801223889921|117|601080.0|0|0|0|1|0|0|0|6732.0|0|0|1|1|0|0|0|0|1|1|601080.0|1|0|601080.0|601080.0|1|0|8
5097808.0|11048610.0|202312|19/12/23|395000|141|902658719555|117|581708.1|0|0|0|1|0|0|0|6732.0|0|0|1|1|0|0|0|0|1|1|581708.1|1|0|581708.1|581708.1|1|0|8
5097808.0|11048610.0|202312|19/12/23|395000|141|902658720328|117|337516.5|0|1|0|0|0|0|0|6732.0|0|0|1|1|0|0|0|0|0|1|337516.5|1|0|337516.5|337516.5|1|0|7
17497239.0|556724.0|202312|01/12/23|200000|502|902652617789|62|1134506.0|0|0|0|1|0|0|0|4381.0|0|0|1|1|0|1|0|0|1|0|1134506.0|1|0|699065.4099999998|699065.4099999998|1|0|15
15019395.0|7187875.0|202312|01/12/23|380008|127|902652346929|62|291000.0|0|1|0|0|0|0|0|2632.0|0|0|1|1|0|0|1|0|0|1|291000.0|1|0|291000.0|291000.0|1|0|3
6930981.0|12147397.0|202312|15/12/23|215015|234|902657365132|62|636896.6|0|0|0|1|0|0|0|6191.0|0|0|1|1|0|0|1|0|1|1|636896.6|1|0|636896.6|636896.6|0|1|11
17574958.0|12490300.0|202312|20/12/23|575000|480|902659265219|62|350000.0|0|1|0|0|0|0|0|5417.0|0|0|1|1|0|1|0|0|0|1|350000.0|1|0|350000.0|350000.0|0|0|2
462078.0|6784226.0|202312|07/12/23|220000|869|801219781917|60|395250.76|0|1|0|0|0|0|0|-14421.0|0|0|1|1|0|1|0|0|0|1|395250.76|1|0|395250.76|395250.76|1|0|2
338029.0|16500143.0|202312|19/12/23|355002|67|801223839801|117|293946.4|0|1|0|0|0|0|0|13309.0|0|0|1|1|0|0|0|0|0|1|293946.4|1|0|293946.4|293946.4|1|0|7
9527788.0|9527788.0|202312|19/12/23|480000|197|902658583778|62|244350.0|1|0|0|0|0|0|0|4729.0|0|0|0|0|1|0|1|1|0|1|244350.0|1|1|244350.0|244350.0|1|1|0
9527788.0|9527788.0|202312|05/12/23|480000|134|902653580187|62|490240.0|0|0|1|0|0|0|0|4508.0|0|0|0|0|1|0|1|1|0|1|490240.0|1|1|490240.0|490240.0|1|1|13
22175263.0|10131376.0|202312|06/12/23|405005|209|902654228849|62|244540.0|1|0|0|0|0|0|0|1652.0|0|0|1|1|0|1|0|0|0|1|244540.0|1|0|244540.0|244540.0|1|0|7
3423599.0|5776482.0|202312|22/12/23|191061|342|902660274935|117|268801.5|1|0|0|0|0|0|0|8191.0|0|0|1|1|0|0|1|0|0|0|268801.5|1|0|268801.5|268801.5|1|0|16
11853125.0|16298401.0|202312|26/12/23|200000|100|902660928652|117|259221.49|1|0|0|0|0|0|0|3947.0|0|0|1|1|0|1|0|0|0|0|259221.49|1|0|259221.49|259221.49|0|0|4
8816057.0|2297901.0|202312|30/12/23|375000|281|902663162641|117|200000.0|0|0|0|0|0|0|0|5042.0|0|0|1|1|0|1|0|0|0|0|200000.0|1|0|200000.0|200000.0|0|0|4
71541.0|8473425.0|202312|15/12/23|194015|156|801222428293|117|234088.48|1|0|0|0|0|0|0|-5844.0|0|0|1|1|0|0|1|0|0|1|234088.48|1|0|234088.48|234088.48|0|0|0
1891245.0|11254650.0|202312|14/12/23|375000|508|902656964608|107|232987.39|1|0|0|0|0|1|0||0|0|1|1|0|1|0|0|0|0|232987.39|0|0|232987.39|232987.39|0|0|4
7853081.0|7853081.0|202312|23/12/23|318000|126|801226446899|60|344000.0|0|1|0|0|0|1|0||0|0|1|1|0|1|0|0|0|1|344000.0|0|0|344000.0|344000.0|0|0|2
28309850.0|15940528.0|202312|11/12/23|191120|475|801220302652|62|200000.0|0|0|0|0|0|0|0|2831.0|0|0|1|1|0|1|0|0|0|0|200000.0|1|0|200000.0|200000.0|0|0|4
13390830.0|5070164.0|202312|15/12/23|215002|334|902657227364|62|336600.0|0|1|0|0|0|0|0|1884.0|0|0|1|1|0|1|0|0|0|1|336600.0|1|0|336600.0|336600.0|0|0|2
25515995.0|86628.0|202312|22/12/23|194066|38|801225657272|62|220000.0|0|0|0|0|0|0|0|851.0|0|0|1|1|0|1|0|0|0|0|220000.0|1|0|220000.0|220000.0|0|0|4
10464116.0|5324436.0|202312|04/12/23|215000|667|801217717685|60|348780.0|0|1|0|0|0|1|0||0|0|1|1|0|1|0|0|0|1|348780.0|0|0|348780.0|348780.0|0|0|2
13906912.0|22383949.0|202312|02/12/23|191033|22|902652731605|117|240000.0|1|0|0|0|0|0|0|3199.0|0|0|1|1|0|0|1|0|0|0|240000.0|1|0|240000.0|240000.0|0|0|16
12844012.0|12844012.0|202312|11/12/23|380000|387|801220092105|62|203560.0|0|0|0|0|0|0|0|3519.0|0|0|0|0|0|0|0|0|0|1|203560.0|1|1|203560.0|203560.0|0|0|5
8672384.0|21226791.0|202312|28/12/23|193055|129|902662073218|62|277782.5|1|0|0|0|0|0|0|5139.0|0|0|1|1|0|0|1|0|0|1|277782.5|1|0|277782.5|277782.5|0|0|0
8672384.0|21226791.0|202312|22/12/23|193055|168|902660369981|62|276020.0|1|0|0|0|0|0|0|5133.0|0|0|1|1|0|0|1|0|0|1|276020.0|1|0|276020.0|276020.0|0|0|0
8672384.0|21226791.0|202312|15/12/23|193055|198|902657406197|62|282020.0|1|0|0|0|0|0|0|5126.0|0|0|1|1|0|0|1|0|0|1|282020.0|1|0|282020.0|282020.0|0|0|0
8672384.0|21226791.0|202312|20/12/23|193055|217|902659380058|62|278982.5|1|0|0|0|0|0|0|5131.0|0|0|1|1|0|0|1|0|0|1|278982.5|1|0|278982.5|278982.5|0|0|0
25822714.0|469336.0|202312|06/12/23|405005|460|902654486085|62|340000.0|0|1|0|0|0|0|0|5354.0|0|0|1|1|0|1|0|0|0|0|340000.0|1|0|340000.0|340000.0|0|0|12
13638651.0|13638651.0|202312|19/12/23|215009|174|801223979442|60|670000.0|0|0|0|1|0|1|0||0|0|1|1|0|1|0|0|1|1|670000.0|0|0|670000.0|670000.0|0|0|15
25408813.0|4555671.0|202312|16/12/23|395000|179|902657777715|62|206720.0|0|0|0|0|0|0|0|1077.0|0|0|1|1|0|1|0|0|0|1|206720.0|1|0|206720.0|206720.0|0|0|9
3855878.0|23323429.0|202312|02/12/23|395000|222|902652867872|62|218634.1|0|0|0|0|0|0|0|7648.0|0|0|1|1|0|0|1|0|0|1|218634.1|1|0|218634.1|218634.1|0|0|0
2062270.0|2062270.0|202312|20/12/23|191058|317|801224790685|64|541173.0|0|0|1|0|0|1|0||0|0|1|1|0|1|0|0|1|1|541173.0|0|0|541173.0|541173.0|0|0|18
13742.0|5261653.0|202312|19/12/23|191095|190|801224079121|117|200000.0|0|0|0|0|0|0|0|12905.0|0|0|1|1|0|0|1|0|0|1|200000.0|1|0|200000.0|200000.0|0|0|0
12106528.0|19536336.0|202312|06/12/23|365000|765|801219201599|60|233300.0|1|0|0|0|0|1|0||0|0|1|1|0|1|0|0|0|1|233300.0|0|0|233300.0|233300.0|0|0|9
15915913.0|15040949.0|202312|29/12/23|535000|304|801228594781|62|608970.0|0|0|0|1|0|0|0|2706.0|0|0|1|1|0|1|0|0|1|0|608970.0|1|0|608970.0|608970.0|0|0|15
11346828.0|2881506.0|202312|30/12/23|194000|288|801229151453|62|234233.74|1|0|0|0|0|0|0|3923.0|0|0|1|1|0|1|0|0|0|1|234233.74|1|0|234233.74|234233.74|0|0|9
8413947.0|8413951.0|202312|07/12/23|215000|523|801219485032|62|250000.0|1|0|0|0|0|0|0|5211.0|0|0|1|1|0|1|0|0|0|0|250000.0|1|0|250000.0|250000.0|0|0|4
12330748.0|2856826.0|202312|13/12/23|215013|582|801221595552|116|222473.73|0|0|0|0|0|0|0|3740.0|0|0|1|1|0|0|0|0|0|1|222473.73|1|0|222473.73|222473.73|0|0|5
71264.0|8544558.0|202312|15/12/23|191061|581|902657548379|117|211571.46|0|0|0|0|0|0|0|-5221.0|0|0|1|1|0|0|0|0|0|0|211571.46|1|0|211571.46|211571.46|0|0|5
18006.0|12440935.0|202312|15/12/23|540002|182|801222365713|62|208261.3|0|0|0|0|0|0|0|10951.0|0|0|1|1|0|0|1|0|0|0|208261.3|1|0|208261.3|208261.3|0|0|16
23980138.0|26545407.0|202312|27/12/23|335000|699|801227563120|117|233080.0|1|0|0|0|0|0|0|1425.0|0|0|1|1|0|0|1|0|0|1|233080.0|1|0|233080.0|233080.0|0|0|0
29088507.0|28022990.0|202312|21/12/23|285000|318|902659661434|60|213023.6|0|0|0|0|0|1|0||0|0|1|1|0|1|0|0|0|1|213023.6|0|0|213023.6|213023.6|0|1|9
69556.0|8217618.0|202312|30/12/23|395000|189|902663116534|62|358490.0|0|1|0|0|0|0|0|14241.0|0|0|1|1|0|0|1|0|0|1|358490.0|1|0|358490.0|358490.0|0|0|3
69556.0|10585000.0|202312|11/12/23|395000|131|902655218120|62|398220.0|0|1|0|0|0|0|0|14193.0|0|0|1|1|0|0|1|0|0|1|398220.0|1|0|398220.0|398220.0|0|0|3
69556.0|10585000.0|202312|11/12/23|395000|131|902655247161|62|284790.0|0|1|0|0|0|0|0|14193.0|0|0|1|1|0|0|1|0|0|1|284790.0|1|0|284790.0|284790.0|0|0|3
69556.0|23323429.0|202312|16/12/23|395000|70|902657688900|62|293610.0|0|1|0|0|0|0|0|14227.0|0|0|1|1|0|0|1|0|0|1|293610.0|1|0|293610.0|293610.0|0|0|3
10229908.0|12860973.0|202312|19/12/23|191004|401|902658818655|62|200000.0|0|0|0|0|0|0|0|4725.0|0|0|1|1|0|1|0|0|0|0|200000.0|1|0|200000.0|200000.0|0|0|4
25884015.0|3351117.0|202312|15/12/23|310004|258|801222755138|62|315200.0|0|1|0|0|0|0|0|3006.0|0|0|1|1|0|1|0|0|0|1|315200.0|1|0|315200.0|315200.0|0|0|2
33884.0|58864.0|202312|12/12/23|305000|625|801220824486|62|250424.3|1|0|0|0|0|0|0|16167.0|0|0|0|0|1|0|1|0|0|0|250424.3|1|0|250424.3|250424.3|0|1|16
2519265.0|13807114.0|202312|22/12/23|191000|526|801225892510|84|320030.0|0|1|0|0|0|1|0||0|0|1|1|0|1|0|0|0|1|320030.0|0|0|320030.0|320030.0|0|0|2
8851327.0|2483740.0|202312|13/12/23|570000|909|902656402529|62|426425.3|0|0|1|0|0|0|0|2302.0|0|0|1|1|0|0|0|0|0|1|426425.3|1|0|426425.3|426425.3|0|0|14
10578231.0|12059072.0|202312|04/12/23|215002|331|902653075564|62|200000.0|0|0|0|0|0|0|0|4384.0|0|0|1|1|0|1|0|0|0|0|200000.0|1|0|200000.0|200000.0|0|0|4
26871461.0|8594007.0|202312|20/12/23|485000|20|801224418571|62|300000.0|0|1|0|0|0|0|0|2010.0|0|0|1|1|0|1|0|0|0|0|300000.0|1|0|300000.0|300000.0|0|0|12
8637421.0|5224738.0|202312|14/12/23|380000|335|801221856091|62|438546.6|0|0|1|0|0|0|0|2863.0|0|0|0|0|0|0|0|0|0|1|438546.6|1|1|438546.6|438546.6|0|0|14
8637421.0|5224738.0|202312|05/12/23|380000|311|801218237286|62|479393.6|0|0|1|0|0|0|0|2647.0|0|0|0|0|0|0|0|0|0|1|479393.6|1|1|479393.6|479393.6|0|0|14
8637421.0|5573766.0|202312|12/12/23|380000|443|801220806807|62|888329.6|0|0|0|1|0|0|0|2861.0|0|0|1|1|0|0|0|0|1|1|888329.6|1|1|699065.4099999998|699065.4099999998|0|0|8
8637421.0|5385203.0|202312|02/12/23|380000|296|801217342897|62|590285.6|0|0|0|1|0|0|0|2558.0|0|0|1|1|0|0|0|0|1|1|590285.6|1|0|590285.6|590285.6|0|0|8
9808217.0|10011712.0|202312|05/12/23|215011|586|902653923255|62|325641.0|0|1|0|0|0|0|0|7366.0|0|0|1|1|0|1|0|0|0|1|325641.0|1|0|325641.0|325641.0|0|0|2
13807114.0|13807114.0|202312|22/12/23|191000|526|801225887126|60|320000.0|0|1|0|0|0|1|0||0|0|1|1|0|1|0|0|0|1|320000.0|0|0|320000.0|320000.0|0|0|2
8873851.0|8873851.0|202312|21/12/23|380000|370|801225307105|62|353402.8|0|1|0|0|0|0|0|6266.0|0|0|1|1|0|1|0|0|0|1|353402.8|1|1|353402.8|353402.8|0|0|2
11268612.0|11268612.0|202312|20/12/23|245000|343|801224708202|60|203000.0|0|0|0|0|0|1|0||0|0|1|1|0|1|0|0|0|1|203000.0|0|0|203000.0|203000.0|0|0|9
2069075.0|19874405.0|202312|02/12/23|290000|161|902652862256|60|210000.0|0|0|0|0|0|1|0||0|0|1|1|0|1|0|0|0|1|210000.0|0|0|210000.0|210000.0|0|0|9
19536547.0|19536336.0|202312|06/12/23|365000|765|801219197645|62|200000.0|0|0|0|0|0|0|0|2290.0|0|0|1|1|0|1|0|0|0|1|200000.0|1|0|200000.0|200000.0|0|0|9
27851670.0|9666002.0|202312|30/12/23|310000|248|801229082481|62|350000.0|0|1|0|0|0|0|0|2192.0|0|0|1|1|0|1|0|0|0|1|350000.0|1|0|350000.0|350000.0|0|0|2
8851327.0|10524240.0|202312|16/12/23|335000|324|801222995730|62|644384.9|0|0|0|1|0|0|0|2305.0|0|0|1|1|0|0|0|0|1|1|644384.9|1|0|644384.9|644384.9|0|0|8
12844012.0|11980486.0|202312|26/12/23|305000|508|801226778399|62|252610.0|1|0|0|0|0|0|0|3563.0|0|0|1|1|0|0|0|0|0|1|252610.0|1|0|252610.0|252610.0|0|0|5
12844012.0|11980486.0|202312|18/12/23|305000|740|801223522393|62|213140.0|0|0|0|0|0|0|0|3555.0|0|0|1|1|0|0|0|0|0|1|213140.0|1|0|213140.0|213140.0|0|0|5
12844012.0|11980486.0|202312|21/12/23|305000|1132|801225535414|62|210180.0|0|0|0|0|0|0|0|3558.0|0|0|1|1|0|0|0|0|0|1|210180.0|1|0|210180.0|210180.0|0|0|5
14378850.0|10012961.0|202312|21/12/23|220000|362|801225227420|62|300330.0|0|1|0|0|0|0|0|3247.0|0|0|1|1|0|0|1|0|0|1|300330.0|1|0|300330.0|300330.0|0|0|3
13906912.0|23351531.0|202312|07/12/23|191015|56|801219312022|117|300000.0|0|1|0|0|0|0|0|3349.0|0|0|1|1|0|0|1|0|0|0|300000.0|1|0|300000.0|300000.0|0|0|17
13820499.0|19454037.0|202312|13/12/23|395000|15|902656147044|62|386730.0|0|1|0|0|0|0|0|3624.0|0|0|1|1|0|1|0|0|0|1|386730.0|1|0|386730.0|386730.0|0|0|2
17771684.0|277636.0|202312|19/12/23|575000|106|902658536106|62|370000.0|0|1|0|0|0|0|0|2675.0|0|0|1|1|0|1|0|0|0|1|370000.0|1|0|370000.0|370000.0|0|0|2
5970448.0|5970448.0|202312|21/12/23|285000|225|902659625163|60|230000.0|1|0|0|0|0|1|0||0|0|1|1|0|1|0|0|0|1|230000.0|0|0|230000.0|230000.0|0|0|9
27762083.0|18037204.0|202312|15/12/23|570012|500|801222702309|84|200024.0|0|0|0|0|0|1|0||0|0|1|1|0|1|0|0|0|1|200024.0|0|0|200024.0|200024.0|0|0|9
12868756.0|24389031.0|202312|15/12/23|570011|200|902657217165|107|294904.36|0|1|0|0|0|0|0|4546.0|0|0|1|1|0|1|0|0|0|1|294904.36|1|0|294904.36|294904.36|0|0|2
17497239.0|556724.0|202312|18/12/23|200000|308|902658171251|62|602820.0|0|0|0|1|0|0|0|4721.0|0|0|1|1|0|1|0|0|1|0|602820.0|1|0|602820.0|602820.0|1|0|15
14921957.0|6678743.0|202312|22/12/23|193001|560|902660444075|62|215903.8|0|0|0|0|0|0|0|4105.0|0|0|1|1|0|1|0|0|0|1|215903.8|1|0|215903.8|215903.8|1|0|7
22907756.0|4337634.0|202312|23/12/23|193009|91|801226367461|62|344040.0|0|1|0|0|0|0|0|2200.0|0|0|1|1|0|0|1|0|0|0|344040.0|1|0|344040.0|344040.0|1|0|17
1078657.0|5450862.0|202312|27/12/23|220000|223|801227267025|60|700000.0|0|0|0|1|0|0|0|-13410.0|0|0|1|1|0|1|0|1|1|1|700000.0|1|0|699065.4099999998|699065.4099999998|1|1|15
17574958.0|12490300.0|202312|20/12/23|575000|480|902659278829|62|350000.0|0|1|0|0|0|0|0|5417.0|0|0|1|1|0|1|0|0|0|1|350000.0|1|0|350000.0|350000.0|0|0|2
5995294.0|4553728.0|202312|18/12/23|193033|145|902658114132|117|486980.0|0|0|1|0|0|0|0|6437.0|0|0|1|1|0|0|1|1|0|0|486980.0|1|0|486980.0|486980.0|1|1|6
1078657.0|1078657.0|202312|07/12/23|220000|322|801219439080|60|250000.0|1|0|0|0|0|0|0|-13578.0|0|0|1|1|0|1|0|1|0|1|250000.0|1|1|250000.0|250000.0|1|1|7
12525475.0|12525475.0|202312|27/12/23|193011|395|801227461938|60|200300.0|0|0|0|0|0|1|0||0|0|1|1|0|1|0|1|0|1|200300.0|0|0|200300.0|200300.0|1|1|7
25890920.0|25792617.0|202312|14/12/23|395000|220|902656795737|62|330570.24|0|1|0|0|0|0|0|1199.0|0|0|1|1|0|1|0|0|0|1|330570.24|1|0|330570.24|330570.24|0|0|2
11853125.0|16298401.0|202312|23/12/23|200000|3|902660554004|117|221208.21|0|0|0|0|0|0|0|3944.0|0|0|1|1|0|1|0|0|0|0|221208.21|1|0|221208.21|221208.21|0|0|4
11853125.0|16298401.0|202312|01/12/23|200000|177|902652305733|117|203292.2|0|0|0|0|0|0|0|3599.0|0|0|1|1|0|1|0|0|0|0|203292.2|1|0|203292.2|203292.2|0|0|4
10806936.0|5080683.0|202312|18/12/23|445000|115|902658037503|62|244000.0|1|0|0|0|0|0|0|4240.0|0|0|1|1|0|1|0|0|0|1|244000.0|1|0|244000.0|244000.0|0|0|9
24778853.0|3009725.0|202312|20/12/23|215000|809|801224898764|62|352000.0|0|1|0|0|0|0|0|1608.0|0|0|1|1|0|1|0|0|0|0|352000.0|1|0|352000.0|352000.0|0|0|12
24412129.0|749490.0|202312|29/12/23|191061|254|902662560869|60|370000.0|0|1|0|0|0|1|0||0|0|1|1|0|1|0|0|0|1|370000.0|0|0|370000.0|370000.0|0|0|2
3256648.0|2309173.0|202312|11/12/23|191041|145|902655182012|113|251214.4|1|0|0|0|0|0|0|6363.0|0|0|1|1|0|0|0|0|0|1|251214.4|1|0|251214.4|251214.4|0|0|5
16832834.0|16832834.0|202312|27/12/23|220000|307|801227298225|60|220000.0|0|0|0|0|0|1|0||0|0|1|1|0|1|0|0|0|1|220000.0|0|0|220000.0|220000.0|0|0|9
8523133.0|26094001.0|202312|28/12/23|480003|33|801227760984|62|200000.0|0|0|0|0|0|1|0||0|0|1|1|0|1|0|0|0|1|200000.0|0|0|200000.0|200000.0|0|0|9
14149421.0|14149421.0|202312|19/12/23|345000|160|902658702704|60|240000.0|1|0|0|0|0|1|0||0|0|1|1|0|1|0|0|0|1|240000.0|0|0|240000.0|240000.0|0|0|9
12844012.0|6878847.0|202312|30/12/23|380000|235|801229065637|62|275630.0|1|0|0|0|0|0|0|3567.0|0|0|1|1|0|0|0|0|0|1|275630.0|1|0|275630.0|275630.0|0|1|5
12844012.0|12844012.0|202312|29/12/23|380000|171|801228385522|62|233380.0|1|0|0|0|0|0|0|3566.0|0|0|0|0|0|0|0|0|0|1|233380.0|1|1|233380.0|233380.0|0|0|5
8672384.0|21226791.0|202312|15/12/23|193055|71|902657157120|62|282020.0|1|0|0|0|0|0|0|5126.0|0|0|1|1|0|0|1|0|0|1|282020.0|1|0|282020.0|282020.0|0|0|0
22046526.0|957357.0|202312|27/12/23|310000|592|801227460976|84|429014.0|0|0|1|0|0|0|0|2105.0|0|0|1|1|0|1|0|0|0|1|429014.0|1|0|429014.0|429014.0|0|0|18
70555.0|70555.0|202312|19/12/23|380000|108|801223854362|62|439850.0|0|0|1|0|0|0|0|12011.0|0|0|0|0|1|0|1|0|0|1|439850.0|1|1|439850.0|439850.0|0|0|13
70555.0|70555.0|202312|26/12/23|380000|172|801226653257|62|400270.0|0|0|1|0|0|0|0|12018.0|0|0|0|0|1|0|1|0|0|1|400270.0|1|1|400270.0|400270.0|0|0|13
17420121.0|17420121.0|202312|20/12/23|485000|232|801224598396|60|219385.72|0|0|0|0|0|1|0||0|0|1|1|0|1|0|0|0|1|219385.72|0|0|219385.72|219385.72|0|0|9
28735352.0|10198392.0|202312|21/12/23|570019|256|902659841356|60|200000.0|0|0|0|0|0|0|0|2668.0|0|0|1|1|0|1|0|0|0|0|200000.0|1|0|200000.0|200000.0|0|0|4
28836606.0|17639735.0|202312|29/12/23|475012|284|801228829593|62|483947.0|0|0|1|0|0|0|0|3140.0|0|0|1|1|0|1|0|0|0|0|483947.0|1|0|483947.0|483947.0|0|0|1
21749680.0|7943344.0|202312|29/12/23|375000|538|902662798370|62|260000.0|1|0|0|0|0|0|0|3366.0|0|0|1|1|0|1|0|0|0|0|260000.0|1|0|260000.0|260000.0|0|0|4
13820499.0|23323429.0|202312|23/12/23|395000|111|902660644834|62|262220.0|1|0|0|0|0|0|0|3634.0|0|0|1|1|0|1|0|0|0|1|262220.0|1|0|262220.0|262220.0|0|0|9
2467734.0|2467734.0|202312|26/12/23|191078|157|902661019279|60|257600.0|1|0|0|0|0|1|0||0|0|1|1|0|1|0|0|0|1|257600.0|0|0|257600.0|257600.0|0|0|9
24569068.0|22551791.0|202312|02/12/23|245001|125|902652792130|62|200000.0|0|0|0|0|0|0|0|1769.0|0|0|1|1|0|1|0|0|0|1|200000.0|1|0|200000.0|200000.0|0|0|9
19631446.0|10095411.0|202312|19/12/23|403000|124|801224038097|107|350351.34|0|1|0|0|0|0|0|2918.0|0|0|1|1|0|1|0|0|0|0|350351.34|1|0|350351.34|350351.34|0|0|12
2096628.0|23419760.0|202312|12/12/23|570000|699|902655849172|62|234560.0|1|0|0|0|0|0|0|11301.0|0|0|1|1|0|0|1|0|0|1|234560.0|1|0|234560.0|234560.0|0|0|0
71834.0|3383881.0|202312|26/12/23|475000|477|801226768956|62|214870.0|0|0|0|0|0|0|0|17523.0|0|0|1|1|0|0|1|0|0|0|214870.0|1|0|214870.0|214870.0|0|0|16
11605537.0|8420173.0|202312|29/12/23|403000|221|801228796517|62|200000.0|0|0|0|0|0|0|0|4297.0|0|0|1|1|0|1|0|0|0|0|200000.0|1|0|200000.0|200000.0|0|0|4
46111.0|191269.0|202312|29/12/23|285000|766|902662725969|115|263440.05|1|0|0|0|0|0|0|-13390.0|0|0|1|1|0|0|0|0|0|1|263440.05|1|0|263440.05|263440.05|0|0|5
69556.0|3391219.0|202312|12/12/23|395000|65|902655673915|62|294490.0|0|1|0|0|0|0|0|14223.0|0|0|1|1|0|0|1|0|0|0|294490.0|1|0|294490.0|294490.0|0|0|17
3622260.0|3740804.0|202312|29/12/23|215011|108|902662425763|62|213900.96|0|0|0|0|0|0|0|7550.0|0|0|1|1|0|0|1|0|0|1|213900.96|1|0|213900.96|213900.96|0|1|0
155235.0|316459.0|202312|27/12/23|570012|554|801227620128|117|237334.0|1|0|0|0|0|0|0|13706.0|0|0|1|1|0|0|1|0|0|1|237334.0|1|0|237334.0|237334.0|0|0|0
19788759.0|23431857.0|202312|07/12/23|350000|9|801219234864|60|200000.0|0|0|0|0|0|0|0|2258.0|0|0|1|1|0|1|0|0|0|1|200000.0|1|0|200000.0|200000.0|0|0|9
58710.0|518350.0|202312|22/12/23|480001|107|801225720849|115|200000.0|0|0|0|0|0|0|0|11348.0|0|0|1|1|0|0|0|0|0|1|200000.0|1|0|200000.0|200000.0|0|0|5
8851327.0|8548205.0|202312|07/12/23|335000|358|801219461487|62|704139.4|0|0|0|1|0|0|0|2148.0|0|0|1|1|0|0|0|0|1|1|704139.4|1|0|699065.4099999998|699065.4099999998|0|0|8
8851327.0|7782324.0|202312|28/12/23|570000|244|902661899716|62|529482.2|0|0|1|0|0|0|0|2317.0|0|0|1|1|0|0|0|0|1|1|529482.2|1|0|529482.2|529482.2|0|0|14
10506963.0|5324436.0|202312|04/12/23|215005|170|902653096708|62|222000.0|0|0|0|0|0|0|0|4084.0|0|0|1|1|0|1|0|0|0|0|222000.0|1|0|222000.0|222000.0|0|0|4
9574369.0|16305503.0|202312|29/12/23|191118|236|902662645768|84|477537.85|0|0|1|0|0|1|0||0|0|1|1|0|1|0|0|0|1|477537.85|0|0|477537.85|477537.85|0|0|18
8637421.0|5224738.0|202312|11/12/23|380000|830|801220462380|62|457048.7|0|0|1|0|0|0|0|2831.0|0|0|0|0|0|0|0|0|0|1|457048.7|1|1|457048.7|457048.7|0|0|14
8637421.0|5224738.0|202312|26/12/23|380000|448|801226894005|62|477669.2|0|0|1|0|0|0|0|2875.0|0|0|0|0|0|0|0|0|0|1|477669.2|1|1|477669.2|477669.2|0|0|14
8637421.0|5224738.0|202312|07/12/23|380000|602|801219662362|62|619113.4|0|0|0|1|0|0|0|2708.0|0|0|0|0|0|0|0|0|1|1|619113.4|1|1|619113.4|619113.4|0|0|8
8637421.0|23193076.0|202312|23/12/23|380000|119|801226287679|62|502910.4|0|0|1|0|0|0|0|2872.0|0|0|1|1|0|0|0|0|1|1|502910.4|1|0|502910.4|502910.4|0|0|14
3475700.0|5713711.0|202312|04/12/23|440000|174|801217615494|117|201623.5|0|0|0|0|0|0|0|7744.0|0|0|1|1|0|1|0|0|0|0|201623.5|1|0|201623.5|201623.5|0|0|4
21449796.0|10344770.0|202312|28/12/23|285006|345|801228117830|60|200000.0|0|0|0|0|0|1|0||0|0|1|1|0|1|0|0|0|1|200000.0|0|0|200000.0|200000.0|0|0|9
3385875.0|9844850.0|202312|15/12/23|405000|230|801222359191|116|216402.34|0|0|0|0|0|0|0||0|0|1|1|0|1|0|0|0|1|216402.34|1|0|216402.34|216402.34|0|0|9
6979262.0|25366440.0|202312|02/12/23|251000|245|902652889786|62|200000.0|0|0|0|0|0|0|0|5296.0|0|0|1|1|0|1|0|0|0|1|200000.0|1|0|200000.0|200000.0|0|0|9
3991565.0|1984672.0|202312|12/12/23|550000|441|902656031119|117|213950.0|0|0|0|0|0|0|0|7358.0|0|0|1|1|0|1|0|0|0|0|213950.0|1|0|213950.0|213950.0|0|0|4
72314.0|9261716.0|202312|11/12/23|191069|337|801220212797|115|297491.65|0|1|0|0|0|0|0|-11935.0|0|0|1|1|0|0|0|0|0|1|297491.65|1|0|297491.65|297491.65|0|1|10
72314.0|776217.0|202312|15/12/23|191061|520|902657503420|115|290000.5|0|1|0|0|0|0|0|-11902.0|0|0|1|1|0|0|0|0|0|1|290000.5|1|0|290000.5|290000.5|0|0|10
4476823.0|7605198.0|202312|15/12/23|480000|560|902657509763|117|440801.5|0|0|1|0|0|0|0|7182.0|0|0|1|1|0|0|0|0|0|1|440801.5|1|0|440801.5|440801.5|0|0|14
12844012.0|11980486.0|202312|23/12/23|305000|326|801226365639|62|228610.0|1|0|0|0|0|0|0|3560.0|0|0|1|1|0|0|0|0|0|1|228610.0|1|0|228610.0|228610.0|0|0|5
12844012.0|11980486.0|202312|27/12/23|305000|873|801227517362|62|455060.0|0|0|1|0|0|0|0|3564.0|0|0|1|1|0|0|0|0|0|1|455060.0|1|0|455060.0|455060.0|0|0|14
12844012.0|11980486.0|202312|15/12/23|305000|717|801222506831|62|207770.0|0|0|0|0|0|0|0|3552.0|0|0|1|1|0|0|0|0|0|1|207770.0|1|0|207770.0|207770.0|0|0|5
12844012.0|11980486.0|202312|22/12/23|305000|462|801225802597|62|208640.0|0|0|0|0|0|0|0|3559.0|0|0|1|1|0|0|0|0|0|1|208640.0|1|0|208640.0|208640.0|0|0|5
14148.0|2739946.0|202312|20/12/23|191061|275|902659157382|62|300000.0|0|1|0|0|0|0|0|9651.0|0|0|1|1|0|0|1|0|0|1|300000.0|1|0|300000.0|300000.0|0|0|3
8851327.0|9658750.0|202312|19/12/23|335000|783|801224300731|62|589842.6|0|0|0|1|0|0|0|2308.0|0|0|1|1|0|0|0|0|1|1|589842.6|1|0|589842.6|589842.6|0|0|8
23980138.0|7263737.0|202312|27/12/23|335000|703|801227564167|117|240290.0|1|0|0|0|0|0|0|1425.0|0|0|1|1|0|0|1|0|0|1|240290.0|1|0|240290.0|240290.0|0|0|0
29361932.0|6352891.0|202312|06/12/23|191000|118|801218740086|62|347661.85|0|1|0|0|0|0|0|2678.0|0|0|1|1|0|1|0|0|0|1|347661.85|1|0|347661.85|347661.85|0|0|2
14492634.0|18346355.0|202312|18/12/23|191105|268|801223401287|117|425000.0|0|0|1|0|0|0|0|4204.0|0|0|1|1|0|1|0|0|0|0|425000.0|1|0|425000.0|425000.0|0|0|1
6323146.0|19520.0|202312|12/12/23|570000|1239|902656084858|107|260923.39|1|0|0|0|0|0|0|5870.0|0|0|1|1|0|1|0|0|0|0|260923.39|1|0|260923.39|260923.39|0|0|4
582461.0|582461.0|202312|07/12/23|355006|155|801219471508|60|300000.0|0|1|0|0|0|1|0||0|0|1|1|0|1|0|0|0|1|300000.0|0|0|300000.0|300000.0|0|0|2
9357524.0|8916115.0|202312|27/12/23|575000|275|902661525046|117|312800.0|0|1|0|0|0|0|0|4737.0|0|0|1|1|0|1|0|0|0|1|312800.0|1|0|312800.0|312800.0|1|0|2
17254861.0|25097159.0|202312|20/12/23|194003|71|902659053574|62|200000.0|0|0|0|0|0|0|0|2904.0|0|0|1|1|0|1|0|0|0|1|200000.0|1|0|200000.0|200000.0|0|1|9
4327203.0|7376780.0|202312|01/12/23|285011|17|902652182986|117|250000.0|1|0|0|0|0|0|0|6889.0|0|0|1|1|0|1|0|1|0|1|250000.0|1|0|250000.0|250000.0|1|1|7
12672880.0|10036012.0|202312|19/12/23|575000|78|902658518439|62|338850.0|0|1|0|0|0|0|0|4774.0|0|0|1|1|0|1|0|0|0|1|338850.0|1|0|338850.0|338850.0|0|0|2
12537523.0|6413777.0|202312|16/12/23|193024|47|902657664983|62|400000.0|0|1|0|0|0|0|0|8429.0|0|0|1|1|0|1|0|0|0|0|400000.0|1|0|400000.0|400000.0|0|0|12
22506715.0|7539399.0|202312|01/12/23|390000|364|801216872236|62|395000.0|0|1|0|0|0|0|0|2246.0|0|0|1|1|0|1|0|1|0|0|395000.0|1|0|395000.0|395000.0|1|1|12
9527788.0|9527788.0|202312|22/12/23|480000|158|902660095575|62|290030.0|0|1|0|0|0|0|0|4732.0|0|0|0|0|1|0|1|1|0|1|290030.0|1|1|290030.0|290030.0|1|1|3
27039088.0|6526282.0|202312|27/12/23|570004|579|902661787894|62|1968620.0|0|0|0|1|0|0|0|692.0|0|0|1|1|0|1|0|0|1|0|1968620.0|1|0|699065.4099999998|699065.4099999998|0|0|15
33824.0|11951602.0|202312|06/12/23|191143|75|801218770044|115|356011.5|0|1|0|0|0|0|0|10637.0|0|0|1|1|0|0|1|0|0|1|356011.5|1|0|356011.5|356011.5|0|0|3
23403417.0|7968776.0|202312|11/12/23|215002|715|902655380018|62|226875.0|1|0|0|0|0|0|0|3660.0|0|0|1|1|0|1|0|0|0|0|226875.0|1|0|226875.0|226875.0|0|0|4
3621026.0||202312|28/12/23|318000|264|801228200430|62|295000.0|0|1|0|0|0|0|0||0|0|0|0|0|1|0|0|0|1|295000.0|0|1|295000.0|295000.0|0|0|2
21835.0|21835.0|202312|29/12/23|550000|162|902662539942|62|253610.72|1|0|0|0|0|1|0||0|0|1|1|0|1|0|0|0|1|253610.72|0|0|253610.72|253610.72|0|0|9
22886185.0|22868037.0|202312|12/12/23|235000|334|801220797697|62|200000.0|0|0|0|0|0|0|0|2266.0|0|0|1|1|0|1|0|0|0|0|200000.0|1|0|200000.0|200000.0|0|0|4
17962209.0|5663774.0|202312|28/12/23|533000|131|801227939617|62|200000.0|0|0|0|0|0|0|0|2849.0|0|0|1|1|0|1|0|0|0|0|200000.0|1|0|200000.0|200000.0|0|1|4
23656265.0|23884286.0|202312|28/12/23|375000|567|902662326842|62|220000.0|0|0|0|0|0|0|0|3324.0|0|0|1|1|0|1|0|0|0|1|220000.0|1|0|220000.0|220000.0|0|0|9
13906912.0|22383949.0|202312|15/12/23|191033|192|902657268316|117|215850.0|0|0|0|0|0|0|0|3505.0|0|0|1|1|0|0|1|0|0|0|215850.0|1|0|215850.0|215850.0|0|0|16
6918065.0|22050954.0|202312|22/12/23|350000|411|801226091824|62|300000.0|0|1|0|0|0|0|0|6098.0|0|0|1|1|0|1|0|0|0|1|300000.0|1|0|300000.0|300000.0|0|0|2
8672384.0|21226791.0|202312|26/12/23|193055|99|902661036044|62|276845.0|1|0|0|0|0|0|0|5137.0|0|0|1|1|0|0|1|0|0|1|276845.0|1|0|276845.0|276845.0|0|0|0
8672384.0|21226791.0|202312|18/12/23|193055|230|902658306345|62|280670.0|1|0|0|0|0|0|0|5129.0|0|0|1|1|0|0|1|0|0|1|280670.0|1|0|280670.0|280670.0|0|0|0
4877301.0|3039055.0|202312|12/12/23|205000|299|902655930340|60|200000.0|0|0|0|0|0|1|0||0|0|1|1|0|1|0|0|0|1|200000.0|0|0|200000.0|200000.0|0|0|9
14746.0|10294890.0|202312|02/12/23|560000|214|902652948849|60|293509.1|0|1|0|0|0|0|0|10623.0|0|0|1|1|0|0|1|0|0|1|293509.1|1|0|293509.1|293509.1|0|0|3
70555.0|70555.0|202312|05/12/23|380000|47|801218123415|62|413570.0|0|0|1|0|0|0|0|11790.0|0|0|0|0|1|0|1|0|0|1|413570.0|1|1|413570.0|413570.0|0|0|13
14378850.0|19637412.0|202312|14/12/23|380004|80|801221771383|62|338510.22|0|1|0|0|0|0|0|3240.0|0|0|1|1|0|0|1|0|0|1|338510.22|1|0|338510.22|338510.22|0|0|3
24717447.0|7154938.0|202312|23/12/23|285000|356|902660713846|62|210000.0|0|0|0|0|0|0|0|1241.0|0|0|1|1|0|1|0|0|0|0|210000.0|1|0|210000.0|210000.0|0|0|4
103571.0|5504076.0|202312|28/12/23|215014|171|801227964479|60|295000.0|0|1|0|0|0|1|0||0|0|1|1|0|1|0|0|0|1|295000.0|0|0|295000.0|295000.0|0|0|2
23106556.0|14868617.0|202312|26/12/23|305000|698|801226875143|60|300000.0|0|1|0|0|0|1|0||0|0|1|1|0|1|0|0|0|1|300000.0|0|0|300000.0|300000.0|0|0|2
23103943.0|12353251.0|202312|11/12/23|193011|391|801220297380|62|200000.0|0|0|0|0|0|0|0|2215.0|0|0|1|1|0|1|0|0|0|1|200000.0|1|0|200000.0|200000.0|0|0|9
2096628.0|28990521.0|202312|04/12/23|305000|504|801217689684|62|217620.0|0|0|0|0|0|0|0|11057.0|0|0|1|1|0|0|1|0|0|1|217620.0|1|0|217620.0|217620.0|0|0|0
2096628.0|23419760.0|202312|16/12/23|570000|451|902657733975|62|228480.0|1|0|0|0|0|0|0|11305.0|0|0|1|1|0|0|1|0|0|1|228480.0|1|0|228480.0|228480.0|0|0|0
2096628.0|23419760.0|202312|21/12/23|570000|385|902659629927|62|210800.0|0|0|0|0|0|0|0|11310.0|0|0|1|1|0|0|1|0|0|1|210800.0|1|0|210800.0|210800.0|0|0|0
2096628.0|23419760.0|202312|05/12/23|570000|398|902653619841|62|204930.0|0|0|0|0|0|0|0|11087.0|0|0|1|1|0|0|1|0|0|1|204930.0|1|0|204930.0|204930.0|0|0|0
2096628.0|23419760.0|202312|30/12/23|570000|461|902663012787|62|206450.0|0|0|0|0|0|0|0|11319.0|0|0|1|1|0|0|1|0|0|1|206450.0|1|0|206450.0|206450.0|0|0|0
26923791.0|10178539.0|202312|05/12/23|385000|234|801218323030|84|409020.45|0|0|1|0|0|0|0|448.0|0|0|1|1|0|1|0|0|0|0|409020.45|1|0|409020.45|409020.45|0|0|1
25308941.0|1153918.0|202312|04/12/23|285000|330|902653106123|107|247862.68|1|0|0|0|0|0|0|494.0|0|0|1|1|0|1|0|0|0|0|247862.68|1|0|247862.68|247862.68|0|0|4
9559758.0|1175366.0|202312|14/12/23|191118|414|902656870252|107|332092.35|0|1|0|0|0|0|0|4496.0|0|0|1|1|0|1|0|0|0|0|332092.35|1|0|332092.35|332092.35|0|0|12
4613804.0|5571554.0|202312|05/12/23|215002|98|902653554067|117|250002.0|1|0|0|0|0|0|0|6924.0|0|0|1|1|0|0|1|0|0|0|250002.0|1|0|250002.0|250002.0|0|0|16
4552552.0|4552552.0|202312|27/12/23|191058|464|801227622653|60|230000.0|1|0|0|0|0|1|0||0|0|1|1|0|1|0|0|0|1|230000.0|0|0|230000.0|230000.0|0|0|9
7103798.0|5202037.0|202312|27/12/23|485000|292|801227389148|62|205900.0|0|0|0|0|0|0|0|5551.0|0|0|1|1|0|1|0|0|0|0|205900.0|1|0|205900.0|205900.0|0|0|4
11261475.0|1446072.0|202312|19/12/23|550000|106|902658548284|107|228905.3|1|0|0|0|0|0|0|4177.0|0|0|1|1|0|1|0|0|0|0|228905.3|1|0|228905.3|228905.3|0|0|4
69556.0|16497037.0|202312|28/12/23|395000|161|902661979357|62|303860.0|0|1|0|0|0|0|0|14239.0|0|0|1|1|0|0|1|0|0|1|303860.0|1|0|303860.0|303860.0|0|0|3
28677099.0|19536336.0|202312|18/12/23|365000|538|801223549965|62|389650.0|0|1|0|0|0|0|0|554.0|0|0|1|1|0|1|0|0|0|0|389650.0|1|0|389650.0|389650.0|0|0|12
3196092.0|3196092.0|202312|04/12/23|315001|303|902653321214|60|228000.0|1|0|0|0|0|1|0||0|0|1|1|0|1|0|0|0|1|228000.0|0|0|228000.0|228000.0|0|0|9
407900.0|1046727.0|202312|18/12/23|570002|445|801223549042|62|244111.9|1|0|0|0|0|0|0|8552.0|0|0|1|1|0|1|0|0|0|0|244111.9|1|0|244111.9|244111.9|0|0|4
407900.0|1543169.0|202312|18/12/23|570002|445|801223549042|62|244111.9|1|0|0|0|0|0|0|8552.0|0|0|1|1|0|1|0|0|0|1|244111.9|1|0|244111.9|244111.9|0|0|9
8851327.0|838097.0|202312|29/12/23|335000|833|801228818773|62|679947.7|0|0|0|1|0|0|0|2318.0|0|0|1|1|0|0|0|0|1|1|679947.7|1|0|679947.7|679947.7|0|0|8
8851327.0|2483740.0|202312|27/12/23|570000|372|902661452291|62|839079.4|0|0|0|1|0|0|0|2316.0|0|0|1|1|0|0|0|0|1|1|839079.4|1|0|699065.4099999998|699065.4099999998|0|0|8
8851327.0|13133797.0|202312|12/12/23|570000|488|902655769726|62|632704.2|0|0|0|1|0|0|0|2301.0|0|0|1|1|0|0|0|0|1|1|632704.2|1|0|632704.2|632704.2|0|0|8
8851327.0|8548205.0|202312|06/12/23|335000|764|801219146377|62|609519.3|0|0|0|1|0|0|0|2118.0|0|0|1|1|0|0|0|0|1|1|609519.3|1|0|609519.3|609519.3|0|0|8
720222.0|720222.0|202312|28/12/23|215006|259|902662096563|107|224093.67|0|0|0|0|0|1|0||0|0|1|1|0|1|0|0|0|1|224093.67|0|0|224093.67|224093.67|0|0|9
8637421.0|5224738.0|202312|11/12/23|380000|841|801220465248|62|716045.2|0|0|0|1|0|0|0|2831.0|0|0|0|0|0|0|0|0|1|1|716045.2|1|1|699065.4099999998|699065.4099999998|0|0|8
8637421.0|5224738.0|202312|29/12/23|380000|139|801228364075|62|484564.4|0|0|1|0|0|0|0|2878.0|0|0|0|0|0|0|0|0|0|1|484564.4|1|1|484564.4|484564.4|0|0|14
8637421.0|3072941.0|202312|16/12/23|380000|95|801222867652|62|531397.2|0|0|1|0|0|0|0|2865.0|0|0|1|1|0|0|0|0|1|1|531397.2|1|0|531397.2|531397.2|0|0|14
3578303.0|3703668.0|202312|11/12/23|305000|924|801220361029|60|200000.0|0|0|0|0|0|1|0||0|0|1|1|0|1|0|0|0|1|200000.0|0|0|200000.0|200000.0|0|0|9
14172275.0|29283829.0|202312|13/12/23|285008|169|801221332744|60|245450.0|1|0|0|0|0|1|0||0|0|1|1|0|1|0|0|0|1|245450.0|0|0|245450.0|245450.0|0|0|9
26129346.0|25222607.0|202312|19/12/23|380008|77|902658587406|62|400000.0|0|1|0|0|0|0|0|4466.0|0|0|1|1|0|1|0|0|0|1|400000.0|1|0|400000.0|400000.0|0|0|2
19536547.0|19536336.0|202312|18/12/23|365000|538|801223559342|62|300000.0|0|1|0|0|0|0|0|2479.0|0|0|1|1|0|1|0|0|0|1|300000.0|1|0|300000.0|300000.0|0|0|2
23153796.0|9122080.0|202312|19/12/23|191033|172|902658643585|62|200000.0|0|0|0|0|0|0|0|2742.0|0|0|1|1|0|1|0|0|0|0|200000.0|1|0|200000.0|200000.0|0|0|4
3145530.0|25937214.0|202312|26/12/23|193050|262|902661198331|113|211997.34|0|0|0|0|0|0|0|8385.0|0|0|1|1|0|0|1|0|0|1|211997.34|1|1|211997.34|211997.34|0|0|0
27851670.0|804575.0|202312|13/12/23|310004|202|801221509814|62|400634.0|0|0|1|0|0|0|0|2175.0|0|0|1|1|0|1|0|0|0|1|400634.0|1|0|400634.0|400634.0|0|0|18
69556.0|11048610.0|202312|19/12/23|395000|141|902658639867|62|365270.0|0|1|0|0|0|0|0|14230.0|0|0|1|1|0|0|1|0|0|1|365270.0|1|0|365270.0|365270.0|0|0|3
69556.0|11048610.0|202312|22/12/23|395000|60|902660094250|62|277950.0|1|0|0|0|0|0|0|14233.0|0|0|1|1|0|0|1|0|0|1|277950.0|1|0|277950.0|277950.0|0|0|0
69556.0|11048610.0|202312|29/12/23|395000|174|902662531885|62|412610.0|0|0|1|0|0|0|0|14240.0|0|0|1|1|0|0|1|0|0|1|412610.0|1|0|412610.0|412610.0|0|0|13
12844012.0|11980486.0|202312|11/12/23|305000|642|801220213626|62|225160.0|0|0|0|0|0|0|0|3519.0|0|0|1|1|0|0|0|0|0|1|225160.0|1|0|225160.0|225160.0|0|0|5
12844012.0|11980486.0|202312|29/12/23|305000|866|801228705641|62|276590.0|1|0|0|0|0|0|0|3566.0|0|0|1|1|0|0|0|0|0|1|276590.0|1|0|276590.0|276590.0|0|0|5
69556.0|7315818.0|202312|07/12/23|395000|77|902654593154|62|291200.0|0|1|0|0|0|0|0|14070.0|0|0|1|1|0|0|1|0|0|1|291200.0|1|0|291200.0|291200.0|0|0|3
12671158.0|5464327.0|202312|13/12/23|245000|190|801221239761|62|210000.0|0|0|0|0|0|0|0|3730.0|0|0|1|1|0|1|0|0|0|0|210000.0|1|0|210000.0|210000.0|0|0|4
8851327.0|9658750.0|202312|21/12/23|335000|669|801225427239|62|700571.3|0|0|0|1|0|0|0|2310.0|0|0|1|1|0|0|0|0|1|1|700571.3|1|0|699065.4099999998|699065.4099999998|0|0|8
17000770.0|12420690.0|202312|19/12/23|355006|306|801224169732|62|204474.18|0|0|0|0|0|0|0|2930.0|0|0|1|1|0|1|0|0|0|1|204474.18|1|0|204474.18|204474.18|0|0|9
13579117.0|21282227.0|202312|29/12/23|245002|273|801228580946|60|200000.0|0|0|0|0|0|1|0||0|0|1|1|0|1|0|0|0|1|200000.0|0|0|200000.0|200000.0|0|0|9
26623369.0|46827.0|202312|18/12/23|390000|98|801223229231|115|457500.48|0|0|1|0|0|0|0|861.0|0|0|1|1|0|0|0|0|0|1|457500.48|1|0|457500.48|457500.48|0|0|14
4902862.0|4902862.0|202312|20/12/23|191044|276|801224704909|107|500000.0|0|0|1|0|0|1|0||0|0|1|1|0|1|0|0|0|1|500000.0|0|0|500000.0|500000.0|0|0|18
14492634.0|18346355.0|202312|11/12/23|191105|377|801220187600|117|237000.0|1|0|0|0|0|0|0|4168.0|0|0|1|1|0|1|0|0|0|0|237000.0|1|0|237000.0|237000.0|0|0|4
